,precipitation,temperature,dengue_incidence,temp_min,temp_max,deltemp,dengue_befor,precipitation1,temperature1,dengue_incidence1,temp_min1,temp_max1,deltemp1,dengue_befor1,,,,,,,,,,,,,,,,,,,,,,,,,,,,,
ม.ค.-04,2.8,21.5,0,15.42,31.38,15.96,1082.588094,4.9,24,2.497901763,17.4,34.09,16.69,1082.588094,99.81140351,26.68925439,3.882017544,21.48052632,33.26837719,11.7879386,4.01,-0.93645163,-2.147566753,0,-1.843017656,-0.857685566,1.404586185,0.639127396,9.1,22.3,1.63,15.11,30.59,15.48,2.02,,-0.875637694,-1.816487705,1.63,-1.93728925,-1.216497142,1.242987085,-0.578119781
ก.พ.-04,4.9,24,2.497901763,17.4,34.09,16.69,1082.588094,0,28,3.10563057,19.81,37.55,17.74,1082.588094,103.5946763,2.416341368,6.632017677,3.288371272,2.201712689,2.970313568,3.442193236,-0.916180318,-1.112944728,0.19,-1.240895865,0.373174398,1.650351484,0.639127396,0,23.5,0.9,15.14,32.74,17.6,4.2,,-0.963480046,-1.319869133,0.9,-1.928166193,-0.239984625,1.956716444,0.055197366
มี.ค.-04,0,28,3.10563057,19.81,37.55,17.74,1082.588094,0.5,30.3,6.177403921,23.63,37.89,14.26,1082.588094,,,,,,,,-0.963480046,0.542450513,0.25,-0.508010251,1.944678263,2.003849515,0.639127396,0,25.8,0.51,16.87,34.12,17.25,4.2,,-0.963480046,-0.368016869,0.51,-1.40206988,0.386800154,1.838883767,0.055197366
เม.ย.-04,0.5,30.3,6.177403921,23.63,37.89,14.26,1082.588094,249.1,27.55,12.34071987,23.89,31.22,7.33,1082.588094,,,,,,,,-0.958653543,1.494302776,0.37,0.653659063,2.099103498,0.832256039,0.639127396,5.1,29.4,0.56,19.63,37.53,17.9,4.2,,-0.914249717,1.121838847,0.56,-0.562748596,1.935594425,2.057715882,0.055197366
พ.ค.-04,249.1,27.55,12.34071987,23.89,31.22,7.33,1082.588094,178.8,26.7,64.2114256,23.99,32.65,8.66,1082.588094,,,,,,,,1.441083671,0.356218548,0.86,0.732725561,-0.930356265,-1.500830971,0.639127396,64.2,30.7,0.9,22.21,37.62,15.41,4.2,,-0.343757081,1.6598423,0.9,0.221834344,1.976471694,1.21942055,0.055197366
มิ.ย.-04,178.8,26.7,64.2114256,23.99,32.65,8.66,1082.588094,218,26.2,146.6093694,23.92,32.98,9.06,1082.588094,,,,,,,,0.762477371,0.00444706,3.18,0.763135752,-0.280861893,-1.053066797,0.639127396,41.5,31,1.46,24.67,37.39,12.72,4.2,,-0.56288031,1.783996943,1.46,0.969925054,1.872007564,0.313792259,0.055197366
ก.ค.-04,218,26.2,146.6093694,23.92,32.98,9.06,1082.588094,115.7,26.6,110.2051815,24.12,32.93,8.81,1082.588094,,,,,,,,1.140875194,-0.202477345,9.55,0.741848618,-0.130978576,-0.918400881,0.639127396,98.9,29.5,4.15,25.11,35.34,10.23,4.2,,-0.008797783,1.163223728,4.15,1.103729897,0.940914233,-0.524503074,0.055197366
ส.ค.-04,115.7,26.6,110.2051815,24.12,32.93,8.81,1082.588094,371.4,25.8,76.51279963,23.4,30.96,7.56,1082.588094,,,,,,,,0.153372712,-0.036937821,7.81,0.802669001,-0.15368817,-1.002567079,0.639127396,137.8,29.3,6.55,24.66,34.38,9.72,4.2,,0.366704138,1.080453966,6.55,0.966884035,0.50489004,-0.696202118,0.055197366
ก.ย.-04,371.4,25.8,76.51279963,23.4,30.96,7.56,1082.588094,38.8,25.5,29.49692986,21.82,32.22,10.4,1082.588094,,,,,,,,2.621646267,-0.368016869,5.54,0.583715622,-1.04844615,-1.423398069,0.639127396,389,27.6,4.88,24.15,32.16,8.01,4.2,,2.791539167,0.376910989,4.88,0.811792058,-0.503415908,-1.271898912,0.055197366
ต.ค.-04,38.8,25.5,29.49692986,21.82,32.22,10.4,1082.588094,28.9,24.2,10.44008008,19.69,31.45,11.76,1082.588094,,,,,,,,-0.588943425,-0.492171512,1.78,0.103234597,-0.476164396,-0.467270059,0.639127396,251.5,28.2,4.77,24.37,33.06,8.69,4.2,,1.464250885,0.625220275,4.77,0.87869448,-0.094643227,-1.042966854,0.055197366
พ.ย.-04,28.9,24.2,10.44008008,19.69,31.45,11.76,1082.588094,0,19.9,1.840244679,14.27,29.29,15.03,1082.588094,,,,,,,,-0.684508182,-1.030174966,0.92,-0.544502481,-0.825892135,-0.009405942,0.639127396,95.1,27,2.41,22.74,30.99,8.25,4.2,,-0.045479205,0.128601703,2.41,0.383008359,-1.034820394,-1.191099362,0.055197366
ธ.ค.-04,0,19.9,1.840244679,14.27,29.29,15.03,1082.588094,0,21.8,2.452352327,15.62,31.53,15.91,463.4376868,,,,,,,,-0.963480046,-2.809724849,0.18,-2.192734858,-1.806946571,1.091487929,0.639127396,2.1,26.4,1.79,20.91,32.86,11.95,4.2,,-0.943208734,-0.119707583,1.79,-0.173498145,-0.1854816,0.054560369,0.055197366
ม.ค.-05,0,21.8,2.452352327,15.62,31.53,15.91,463.4376868,0,25.1,7.357435885,17.03,35.48,18.45,463.4376868,,,,,,,,-0.963480046,-2.02341211,0.06,-1.782197273,-0.789556785,1.387752946,-0.424148181,0,23.1,0.11,16.18,30.81,14.64,4.2,,-0.963480046,-1.485408657,0.11,-1.611900201,-1.116574931,0.96018866,0.055197366
ก.พ.-05,0,25.1,7.357435885,17.03,35.48,18.45,463.4376868,24.7,26.9,5.517660806,19.63,35.58,15.94,463.4376868,,,,,,,,-0.963480046,-0.657711036,0.18,-1.353413574,1.004501095,2.242881518,-0.424148181,24.4,22.9,0.06,15.94,30.01,14.07,2.42,,-0.727946707,-1.568178419,0.06,-1.684884661,-1.479928425,0.768289728,-0.4619148
มี.ค.-05,24.7,26.9,5.517660806,19.63,35.58,15.94,463.4376868,57.2,29.2,12.8725847,22.97,36.68,13.7,463.4376868,,,,,,,,-0.725050805,0.087216822,0.25,-0.562748596,1.049920282,1.397852889,-0.424148181,3.3,25.4,0.06,17.87,32.92,15.05,2.42,,-0.931625127,-0.533556393,0.06,-1.097967966,-0.158230088,1.098221224,-0.4619148
เม.ย.-05,57.2,29.2,12.8725847,22.97,36.68,13.7,463.4376868,104.7,28.6,100.2437022,24.43,36.04,11.61,463.4376868,,,,,,,,-0.411328121,1.039069085,0.74,0.452951799,1.549531337,0.643723755,-0.424148181,9.4,28.6,0.22,20.51,36.68,16.17,2.42,,-0.872741793,0.790759799,0.22,-0.295138911,1.549531337,1.475285792,-0.4619148
พ.ค.-05,104.7,28.6,100.2437022,24.43,36.04,11.61,463.4376868,193.5,27.6,102.3606311,24.86,32.95,8.09,463.4376868,,,,,,,,0.04718965,0.790759799,5.13,0.896940595,1.258848541,-0.059905661,-0.424148181,142.8,28.4,0.22,22.88,34.94,12.06,2.42,,0.414969167,0.707990037,0.22,0.425582627,0.759237486,0.091593496,-0.4619148
มิ.ย.-05,193.5,27.6,102.3606311,24.86,32.95,8.09,463.4376868,179.1,27.4,90.08548382,24.46,33.7,9.25,463.4376868,,,,,,,,0.904376555,0.376910989,5.97,1.027704418,-0.144604332,-1.244965729,-0.424148181,101.9,30.3,0.22,25.15,36.63,11.48,2.42,,0.020161234,1.494302776,0.22,1.115893973,1.526821744,-0.103672084,-0.4619148
ก.ค.-05,179.1,27.4,90.08548382,24.46,33.7,9.25,463.4376868,155.2,26.2,62.59647758,23.84,32.24,8.39,463.4376868,,,,,,,,0.765373273,0.294141227,4.5,0.906063652,0.196039569,-0.85443457,-0.424148181,131.5,28.7,0.45,24.31,33.49,9.18,2.42,,0.305890202,0.83214468,0.45,0.860448365,0.100659277,-0.878001106,-0.4619148
ส.ค.-05,155.2,26.2,62.59647758,23.84,32.24,8.39,463.4376868,436.3,26,47.99280715,22.47,32.52,10.04,463.4376868,,,,,,,,0.534666437,-0.202477345,3.04,0.717520465,-0.467080559,-1.143966291,-0.424148181,135,28.3,0.56,24.43,32.89,8.46,2.42,,0.339675722,0.666605156,0.56,0.896940595,-0.171855844,-1.120399756,-0.4619148
ก.ย.-05,436.3,26,47.99280715,22.47,32.52,10.04,463.4376868,192,26,34.01067206,22.96,33.29,10.33,463.4376868,,,,,,,,3.248126337,-0.285247107,1.64,0.300900842,-0.339906836,-0.588469384,-0.424148181,108,28.5,0.28,24.55,33.31,8.77,2.42,,0.079044569,0.749374918,0.28,0.933432824,0.01890474,-1.01603367,-0.4619148
ต.ค.-05,192,26,34.01067206,22.96,33.29,10.33,463.4376868,22.8,24.5,21.23451397,20.81,31.83,11.02,463.4376868,,,,,,,,0.889897047,-0.285247107,1.09,0.44991078,0.009820903,-0.490836595,-0.424148181,239.8,27.6,0.11,23.7,32.87,9.17,2.42,,1.351310719,0.376910989,0.11,0.674946197,-0.180939682,-0.881367753,-0.4619148
พ.ย.-05,22.8,24.5,21.23451397,20.81,31.83,11.02,463.4376868,27.9,21.8,5.454515703,16.86,27.84,10.98,463.4376868,,,,,,,,-0.743391516,-0.906020323,0.85,-0.203908336,-0.653299225,-0.258537888,-0.424148181,165,27.3,0.22,23.11,32.84,9.72,2.42,,0.629265893,0.252756346,0.22,0.495526067,-0.194565438,-0.696202118,-0.4619148
ธ.ค.-05,27.9,21.8,5.454515703,16.86,27.84,10.98,463.4376868,0,21.2,4.861921431,14.24,31.05,16.82,492.1788374,,,,,,,,-0.694161187,-2.02341211,0.12,-1.405110899,-2.46552478,-0.27200448,-0.424148181,44.4,26.7,0.11,21.61,32.41,10.8,2.42,,-0.534886593,0.00444706,0.11,0.039373195,-0.389867941,-0.332604142,-0.4619148
ม.ค.-06,0,21.2,4.861921431,14.24,31.05,16.82,492.1788374,0,24.7,2.427118192,18.02,33.49,15.47,492.1788374,,,,,,,,-0.963480046,-2.271721396,0.18,-2.201857916,-1.007568882,1.694117907,-0.595550528,0,22.9,0.06,16.47,30.2,13.73,2.42,,-0.963480046,-1.568178419,0.06,-1.523710646,-1.39363197,0.653823699,-0.4619148
ก.พ.-06,0,24.7,2.427118192,18.02,33.49,15.47,492.1788374,18,27.8,4.854498542,20.52,36.9,16.38,492.1788374,,,,,,,,-0.963480046,-0.823250561,0.06,-1.052352678,0.100659277,1.239620437,-0.595550528,26.7,23.2,0.17,16.36,30.91,14.55,0.21,,-0.705744794,-1.444023776,0.17,-1.557161857,-1.071155744,0.929888828,-1.103947321
มี.ค.-06,18,27.8,4.854498542,20.52,36.9,16.38,492.1788374,206.7,28.4,10.91881858,22.61,35.93,13.32,492.1788374,,,,,,,,-0.789725944,0.459680751,0.24,-0.292097892,1.649453548,1.545985398,-0.595550528,33.9,24.7,0.06,17.43,32.16,14.74,0.21,,-0.636243153,-0.823250561,0.06,-1.231772808,-0.503415908,0.993855139,-1.103947321
เม.ย.-06,206.7,28.4,10.91881858,22.61,35.93,13.32,492.1788374,219.5,26.5,57.57492012,22.59,33.93,11.34,492.1788374,,,,,,,,1.03179623,0.707990037,0.61,0.34347511,1.208887436,0.515791134,-0.595550528,47,29.4,0.11,23.08,36,12.93,0.21,,-0.509788779,1.121838847,0.11,0.48640301,1.240680867,0.384491865,-1.103947321
พ.ค.-06,219.5,26.5,57.57492012,22.59,33.93,11.34,492.1788374,180.4,27.6,182.085343,24.19,33.97,9.79,492.1788374,,,,,,,,1.155354703,-0.078322702,3.45,0.337393072,0.300503699,-0.150805154,-0.595550528,200.7,28.9,0.17,23.17,34.81,11.64,0.21,,0.973878196,0.914914442,0.17,0.513772182,0.700192543,-0.049805717,-1.103947321
มิ.ย.-06,180.4,27.6,182.085343,24.19,33.97,9.79,492.1788374,269.3,26.4,131.2183594,23.61,32.52,8.91,492.1788374,,,,,,,,0.77792218,0.376910989,8.95,0.823956135,0.318671374,-0.672635582,-0.595550528,392,28.3,0.78,23.92,34.04,10.12,0.21,,2.820498185,0.666605156,0.78,0.741848618,0.350464804,-0.561536201,-1.103947321
ก.ค.-06,269.3,26.4,131.2183594,23.61,32.52,8.91,492.1788374,341.4,26,82.78335777,23.49,31.79,8.31,492.1788374,,,,,,,,1.636074386,-0.119707583,5.93,0.647577025,-0.339906836,-0.968900599,-0.595550528,81.2,29,2.57,24.48,34.41,9.94,0.21,,-0.179655984,0.956299323,2.57,0.91214569,0.518515796,-0.622135863,-1.103947321
ส.ค.-06,341.4,26,82.78335777,23.49,31.79,8.31,492.1788374,194.8,26.7,28.38784807,23.53,32.65,9.12,492.1788374,,,,,,,,2.332056097,-0.285247107,4.65,0.611084795,-0.6714669,-1.170899475,-0.595550528,171.7,28.4,6.87,24.35,33.82,9.47,0.21,,0.693941031,0.707990037,6.87,0.872612441,0.250542593,-0.780368316,-1.103947321
ก.ย.-06,194.8,26.7,28.38784807,23.53,32.65,9.12,492.1788374,69.9,25.8,21.12963879,22.14,32.6,10.46,492.1788374,,,,,,,,0.916925462,0.00444706,0.97,0.623248871,-0.280861893,-0.898200993,-0.595550528,262.1,27.7,9.05,23.95,33.13,9.19,0.21,,1.566572745,0.41829587,9.05,0.750971676,-0.062849796,-0.874634458,-1.103947321
ต.ค.-06,69.9,25.8,21.12963879,22.14,32.6,10.46,492.1788374,0,24,9.653406506,18.32,32.56,14.24,492.1788374,,,,,,,,-0.288734948,-0.368016869,0.91,0.20054721,-0.303571486,-0.447070172,-0.595550528,452.9,27.2,8.54,23.76,32.42,8.65,0.21,,3.408366231,0.211371465,8.54,0.693192312,-0.385326022,-1.056433445,-1.103947321
พ.ย.-06,0,24,9.653406506,18.32,32.56,14.24,492.1788374,0,21.9,5.427251314,15.76,30.21,14.46,492.1788374,,,,,,,,-0.963480046,-1.112944728,0.42,-0.961122104,-0.321739161,0.825522743,-0.595550528,147,26.8,7.87,22.3,32.41,10.11,0.21,,0.45551179,0.045831941,7.87,0.249203516,-0.389867941,-0.564902849,-1.103947321
ธ.ค.-06,0,21.9,5.427251314,15.76,30.21,14.46,492.1788374,0,21.1,0.602882865,14.77,30.83,16.07,541.3224817,,,,,,,,-0.963480046,-1.982027229,0.24,-1.739623005,-1.389090052,0.899588997,-0.595550528,12.4,26,6.36,20.91,32.84,11.93,0.21,,-0.843782775,-0.285247107,6.36,-0.173498145,-0.194565438,0.047827073,-1.103947321
ม.ค.-07,0,21.1,0.602882865,14.77,30.83,16.07,541.3224817,0,23.4,1.808383667,16.53,33.52,16.99,541.3224817,,,,,,,,-0.963480046,-2.313106277,0.06,-2.040683901,-1.107491093,1.441619312,-0.520017291,0,25.1,2.68,18.75,31.46,12.7,0.21,,-0.963480046,-0.657711036,2.68,-0.830358281,-0.821350216,0.307058963,-1.103947321
ก.พ.-07,0,23.4,1.808383667,16.53,33.52,16.99,541.3224817,0,26.6,1.808422911,19.48,36,16.53,541.3224817,,,,,,,,-0.963480046,-1.361254014,0,-1.505464531,0.114285033,1.751350921,-0.520017291,,,,,,,,,,,,,,,
มี.ค.-07,0,26.6,1.808422911,19.48,36,16.53,541.3224817,56,29.6,7.232558083,22.96,36.97,14,541.3224817,,,,,,,,-0.963480046,-0.036937821,0.12,-0.608363883,1.240680867,1.596485117,-0.520017291,,,,,,,,,,,,,,,
เม.ย.-07,56,29.6,7.232558083,22.96,36.97,14,541.3224817,393.5,26.5,19.25187224,23.25,33.07,9.82,541.3224817,,,,,,,,-0.422911727,1.204608609,0.42,0.44991078,1.681246979,0.744723193,-0.520017291,,,,,,,,,,,,,,,
พ.ค.-07,393.5,26.5,19.25187224,23.25,33.07,9.82,541.3224817,130.1,27.8,59.50595631,24.39,34.43,10.04,541.3224817,,,,,,,,2.834977693,-0.078322702,1.26,0.538100335,-0.090101308,-0.662535639,-0.520017291,,,,,,,,,,,,,,,
มิ.ย.-07,130.1,27.8,59.50595631,24.39,34.43,10.04,541.3224817,74.6,27,96.19199923,24.05,32.95,8.91,541.3224817,,,,,,,,0.292375994,0.459680751,2.95,0.884776518,0.527599633,-0.588469384,-0.520017291,,,,,,,,,,,,,,,
ก.ค.-07,74.6,27,96.19199923,24.05,32.95,8.91,541.3224817,153.2,26.9,93.75078877,23.75,33.15,9.4,541.3224817,,,,,,,,-0.243365822,0.128601703,4.63,0.781381867,-0.144604332,-0.968900599,-0.520017291,,,,,,,,,,,,,,,
ส.ค.-07,153.2,26.9,93.75078877,23.75,33.15,9.4,541.3224817,179.8,26.9,58.90184128,23.45,32.81,9.36,541.3224817,,,,,,,,0.515360426,0.087216822,4.45,0.690151293,-0.053765958,-0.803934851,-0.520017291,,,,,,,,,,,,,,,
ก.ย.-07,179.8,26.9,58.90184128,23.45,32.81,9.36,541.3224817,64.6,25.8,28.83840699,22.18,32.29,10.11,541.3224817,,,,,,,,0.772130377,0.087216822,3.01,0.598920718,-0.208191194,-0.817401443,-0.520017291,,,,,,,,,,,,,,,
ต.ค.-07,64.6,25.8,28.83840699,22.18,32.29,10.11,541.3224817,73.5,23.1,25.84251093,18.35,30.52,12.16,541.3224817,,,,,,,,-0.339895878,-0.368016869,1.14,0.212711287,-0.444370965,-0.564902849,-0.520017291,,,,,,,,,,,,,,,
พ.ย.-07,73.5,23.1,25.84251093,18.35,30.52,12.16,541.3224817,0,21.8,6.008174723,15.09,30.94,15.85,541.3224817,,,,,,,,-0.253984128,-1.485408657,0.9,-0.951999046,-1.248290573,0.125259975,-0.520017291,,,,,,,,,,,,,,,
ธ.ค.-07,0,21.8,6.008174723,15.09,30.94,15.85,541.3224817,16.6,22.3,12.61374899,14.71,31.09,16.37,399.743798,,,,,,,,-0.963480046,-2.02341211,0.24,-1.943371288,-1.057529988,1.367553058,-0.520017291,,,,,,,,,,,,,,,
ม.ค.-08,16.6,22.3,12.61374899,14.71,31.09,16.37,399.743798,13.8,24.5,12.61102203,17.39,32.05,14.66,399.743798,,,,,,,,-0.803240152,-1.816487705,0.54,-2.058930016,-0.989401207,1.54261875,-0.700135011,,,,,,,,,,,,,,,
ก.พ.-08,13.8,24.5,12.61102203,17.39,32.05,14.66,399.743798,9.4,27.8,16.21195145,20.53,35.82,15.29,399.743798,,,,,,,,-0.830268567,-0.906020323,0.66,-1.243936885,-0.553377014,0.966921955,-0.700135011,,,,,,,,,,,,,,,
มี.ค.-08,9.4,27.8,16.21195145,20.53,35.82,15.29,399.743798,57.2,29.9,44.42243333,23.88,37.58,13.69,399.743798,,,,,,,,-0.872741793,0.459680751,0.48,-0.289056873,1.15892633,1.179020775,-0.700135011,,,,,,,,,,,,,,,
เม.ย.-08,57.2,29.9,44.42243333,23.88,37.58,13.69,399.743798,158.7,27.4,136.1840392,23.29,33.77,10.48,399.743798,,,,,,,,-0.411328121,1.328763252,1.98,0.729684542,1.958304019,0.640357107,-0.700135011,,,,,,,,,,,,,,,
พ.ค.-08,158.7,27.4,136.1840392,23.29,33.77,10.48,399.743798,147.1,28,354.1441457,24.12,33.86,9.73,399.743798,,,,,,,,0.568451957,0.294141227,5.88,0.550264412,0.227833,-0.440336876,-0.700135011,,,,,,,,,,,,,,,
มิ.ย.-08,147.1,28,354.1441457,24.12,33.86,9.73,399.743798,101.6,27.8,591.5769512,24.13,34.14,10.01,399.743798,,,,,,,,0.456477091,0.542450513,16.36,0.802669001,0.268710268,-0.69283547,-0.700135011,,,,,,,,,,,,,,,
ก.ค.-08,101.6,27.8,591.5769512,24.13,34.14,10.01,399.743798,170.9,27.3,582.067292,24.09,32.46,8.37,399.743798,,,,,,,,0.017265332,0.459680751,25.59,0.80571002,0.395883991,-0.598569328,-0.700135011,,,,,,,,,,,,,,,
ส.ค.-08,170.9,27.3,582.067292,24.09,32.46,8.37,399.743798,236.4,27,336.1596309,23.13,33.13,10,399.743798,,,,,,,,0.686218626,0.252756346,26.44,0.793545944,-0.367158348,-1.150699587,-0.700135011,,,,,,,,,,,,,,,
ก.ย.-08,236.4,27,336.1596309,23.13,33.13,10,399.743798,188.1,26.7,229.4405126,22.31,32.21,9.9,399.743798,,,,,,,,1.318490499,0.128601703,16.06,0.501608106,-0.062849796,-0.601935976,-0.700135011,,,,,,,,,,,,,,,
ต.ค.-08,188.1,26.7,229.4405126,22.31,32.21,9.9,399.743798,34.1,24.2,161.6964957,17.58,30.84,13.25,399.743798,,,,,,,,0.852250324,0.00444706,10.06,0.252244536,-0.480706315,-0.635602455,-0.700135011,,,,,,,,,,,,,,,
พ.ย.-08,34.1,24.2,161.6964957,17.58,30.84,13.25,399.743798,7.1,21.6,76.63216024,14.67,28.86,14.19,399.743798,,,,,,,,-0.634312552,-1.030174966,6.83,-1.186157521,-1.102949175,0.492224599,-0.700135011,,,,,,,,,,,,,,,
ธ.ค.-08,7.1,21.6,76.63216024,14.67,28.86,14.19,399.743798,0,21.4,53.51679135,13.26,28.75,15.5,2553.760383,,,,,,,,-0.894943706,-2.106181872,2.75,-2.071094092,-2.002249074,0.808689503,-0.700135011,,,,,,,,,,,,,,,
ม.ค.-09,0,21.4,53.51679135,13.26,28.75,15.5,2553.760383,0,25.4,27.0072361,16.48,34.32,17.83,2553.760383,,,,,,,,-0.963480046,-2.188951634,2.4,-2.499877792,-2.05221018,1.249720381,1.586197992,,,,,,,,,,,,,,,
ก.พ.-09,0,25.4,27.0072361,16.48,34.32,17.83,2553.760383,16.7,27.1,20.87686518,19.09,35.31,16.22,2553.760383,,,,,,,,-0.963480046,-0.533556393,0.86,-1.520669627,0.477638528,2.034149347,1.586197992,,,,,,,,,,,,,,,
มี.ค.-09,16.7,27.1,20.87686518,19.09,35.31,16.22,2553.760383,97.9,29.6,33.1521629,23.5,36.42,12.91,2553.760383,,,,,,,,-0.802274851,0.169986584,1.41,-0.72696363,0.927288477,1.492119031,1.586197992,,,,,,,,,,,,,,,
เม.ย.-09,97.9,29.6,33.1521629,23.5,36.42,12.91,2553.760383,142,28.5,92.64400468,23.75,34.94,11.19,2553.760383,,,,,,,,-0.018450789,1.204608609,0.98,0.614125814,1.431441451,0.377758569,1.586197992,,,,,,,,,,,,,,,
พ.ค.-09,142,28.5,92.64400468,23.75,34.94,11.19,2553.760383,140.2,27.7,192.5131985,23.49,31.98,8.49,2553.760383,,,,,,,,0.407246762,0.749374918,4.79,0.690151293,0.759237486,-0.201304873,1.586197992,,,,,,,,,,,,,,,
มิ.ย.-09,140.2,27.7,192.5131985,23.49,31.98,8.49,2553.760383,124,27.8,197.5062687,24.06,32.13,8.07,2553.760383,,,,,,,,0.389871352,0.41829587,7.91,0.611084795,-0.585170445,-1.110299812,1.586197992,,,,,,,,,,,,,,,
ก.ค.-09,124,27.8,197.5062687,24.06,32.13,8.07,2553.760383,126.8,28,176.0172509,23.76,33.2,9.44,2553.760383,,,,,,,,0.23349266,0.459680751,6.93,0.784422886,-0.517041664,-1.251699025,1.586197992,,,,,,,,,,,,,,,
ส.ค.-09,126.8,28,176.0172509,23.76,33.2,9.44,2553.760383,191.7,28,108.505348,23.56,33.53,9.97,2553.760383,,,,,,,,0.260521076,0.542450513,6.99,0.693192312,-0.031056365,-0.79046826,1.586197992,,,,,,,,,,,,,,,
ก.ย.-09,191.7,28,108.505348,23.56,33.53,9.97,2553.760383,223.4,27.4,88.24470256,22.73,32.96,10.23,2553.760383,,,,,,,,0.887001145,0.542450513,3.92,0.632371929,0.118826952,-0.61203592,1.586197992,,,,,,,,,,,,,,,
ต.ค.-09,223.4,27.4,88.24470256,22.73,32.96,10.23,2553.760383,0,25.1,81.47063688,18.89,32.01,13.12,2553.760383,,,,,,,,1.193001425,0.294141227,3.8,0.37996734,-0.140062413,-0.524503074,1.586197992,,,,,,,,,,,,,,,
พ.ย.-09,0,25.1,81.47063688,18.89,32.01,13.12,2553.760383,7.5,22.5,26.95173434,15.77,30.14,14.37,2553.760383,,,,,,,,-0.963480046,-0.657711036,4.17,-0.787784013,-0.571544689,0.448458176,1.586197992,,,,,,,,,,,,,,,
ธ.ค.-09,7.5,22.5,26.95173434,15.77,30.14,14.37,2553.760383,21.7,24.2,26.93670303,17.49,31.73,14.25,1098.4062,,,,,,,,-0.891082503,-1.733717943,1.41,-1.736581986,-1.420883483,0.869289166,1.586197992,,,,,,,,,,,,,,,
ม.ค.-10,21.7,24.2,26.93670303,17.49,31.73,14.25,1098.4062,0,24.5,18.36489953,15.7,34.06,18.36,1098.4062,,,,,,,,-0.754009823,-1.030174966,1.29,-1.213526693,-0.698718412,0.828889391,-0.061007615,,,,,,,,,,,,,,,
ก.พ.-10,0,24.5,18.36489953,15.7,34.06,18.36,1098.4062,4.3,27.8,26.93480675,20.56,35.85,15.3,1098.4062,,,,,,,,-0.963480046,-0.906020323,0.86,-1.75786912,0.359548642,2.212581686,-0.061007615,,,,,,,,,,,,,,,
มี.ค.-10,4.3,27.8,26.93480675,20.56,35.85,15.3,1098.4062,3.9,31.6,27.5533034,24.04,38.98,14.94,1098.4062,,,,,,,,-0.921972122,0.459680751,1.04,-0.279933815,1.172552086,1.182387422,-0.061007615,,,,,,,,,,,,,,,
เม.ย.-10,3.9,31.6,27.5533034,24.04,38.98,14.94,1098.4062,46.4,31.4,96.60518379,25.89,38.01,12.11,1098.4062,,,,,,,,-0.925833324,2.032306229,1.35,0.778340848,2.594172635,1.061188097,-0.061007615,,,,,,,,,,,,,,,
พ.ค.-10,46.4,31.4,96.60518379,25.89,38.01,12.11,1098.4062,122.7,29.7,320.7434895,24.9,35.94,11.03,1098.4062,,,,,,,,-0.515580582,1.949536467,4.4,1.34092939,2.153606522,0.108426735,-0.061007615,,,,,,,,,,,,,,,
มิ.ย.-10,122.7,29.7,320.7434895,24.9,35.94,11.03,1098.4062,114.5,28.6,1129.82619,24.77,33.89,9.12,1098.4062,,,,,,,,0.220943752,1.24599349,12.16,1.039868494,1.213429355,-0.25517124,-0.061007615,,,,,,,,,,,,,,,
ก.ค.-10,114.5,28.6,1129.82619,24.77,33.89,9.12,1098.4062,470.6,27.1,1406.696461,23.88,32.41,8.53,1098.4062,,,,,,,,0.141789106,0.790759799,38.66,1.000335246,0.282336024,-0.898200993,-0.061007615,,,,,,,,,,,,,,,
ส.ค.-10,470.6,27.1,1406.696461,23.88,32.41,8.53,1098.4062,196.2,27.5,703.6035118,23.85,33.34,9.49,1098.4062,,,,,,,,3.579224432,0.169986584,49.27,0.729684542,-0.389867941,-1.09683322,-0.061007615,,,,,,,,,,,,,,,
ก.ย.-10,196.2,27.5,703.6035118,23.85,33.34,9.49,1098.4062,169.6,26.9,172.6438236,23.54,32.37,8.83,1098.4062,,,,,,,,0.93043967,0.335526108,18.55,0.720561484,0.032530497,-0.77363502,-0.061007615,,,,,,,,,,,,,,,
ต.ค.-10,169.6,26.9,172.6438236,23.54,32.37,8.83,1098.4062,0,24.8,42.07432521,19.51,31.6,12.09,1098.4062,,,,,,,,0.673669719,0.087216822,6.83,0.626289891,-0.408035616,-0.995833783,-0.061007615,,,,,,,,,,,,,,,
พ.ย.-10,0,24.8,42.07432521,19.51,31.6,12.09,1098.4062,6.1,23.5,24.9927003,17.68,30.39,12.71,1098.4062,,,,,,,,-0.963480046,-0.781865679,1.52,-0.599240825,-0.757763355,0.10169344,-0.061007615,,,,,,,,,,,,,,,
ธ.ค.-10,6.1,23.5,24.9927003,17.68,30.39,12.71,1098.4062,2.6,22.7,17.6703744,16.33,29.82,13.49,3996.975398,,,,,,,,-0.904596711,-1.319869133,1.4,-1.155747329,-1.307335515,0.310425611,-0.061007615,,,,,,,,,,,,,,,
ม.ค.-11,2.6,22.7,17.6703744,16.33,29.82,13.49,3996.975398,0.8,24.5,4.264252044,16.58,33.15,16.57,3996.975398,,,,,,,,-0.938382231,-1.650948181,0.61,-1.566284914,-1.56622488,0.573024149,2.158507524,,,,,,,,,,,,,,,
ก.พ.-11,0.8,24.5,4.264252044,16.58,33.15,16.57,3996.975398,60.4,25.4,6.700902185,19.4,31.56,12.16,3996.975398,,,,,,,,-0.955757641,-0.906020323,0.3,-1.490259435,-0.053765958,1.609951708,2.158507524,,,,,,,,,,,,,,,
มี.ค.-11,60.4,25.4,6.700902185,19.4,31.56,12.16,3996.975398,92.6,27.3,7.308877423,22.13,34.68,12.55,3996.975398,,,,,,,,-0.380438502,-0.533556393,0.49,-0.632692036,-0.775931029,0.125259975,2.158507524,,,,,,,,,,,,,,,
เม.ย.-11,92.6,27.3,7.308877423,22.13,34.68,12.55,3996.975398,292.7,27.3,53.05570361,23.88,33.5,9.62,3996.975398,,,,,,,,-0.069611719,0.252756346,0.18,0.197506191,0.6411476,0.256559244,2.158507524,,,,,,,,,,,,,,,
พ.ค.-11,292.7,27.3,53.05570361,23.88,33.5,9.62,3996.975398,216.8,27.8,86.52068636,24.71,32.55,7.84,3996.975398,,,,,,,,1.86195472,0.252756346,2.56,0.729684542,0.105201195,-0.729868597,2.158507524,,,,,,,,,,,,,,,
มิ.ย.-11,216.8,27.8,86.52068636,24.71,32.55,7.84,3996.975398,191.2,27.7,56.6139386,24.43,33.15,8.72,3996.975398,,,,,,,,1.129291588,0.459680751,3.72,0.982089131,-0.32628108,-1.329131927,2.158507524,,,,,,,,,,,,,,,
ก.ค.-11,191.2,27.7,56.6139386,24.43,33.15,8.72,3996.975398,260.5,26.9,58.40528032,23.71,31.57,7.87,3996.975398,,,,,,,,0.882174642,0.41829587,1.95,0.896940595,-0.053765958,-1.03286691,2.158507524,,,,,,,,,,,,,,,
ส.ค.-11,260.5,26.9,58.40528032,23.71,31.57,7.87,3996.975398,254.9,27.2,29.80591483,23.88,32.06,8.18,3996.975398,,,,,,,,1.551127936,0.087216822,2.31,0.677987216,-0.771389111,-1.319031983,2.158507524,,,,,,,,,,,,,,,
ก.ย.-11,254.9,27.2,29.80591483,23.88,32.06,8.18,3996.975398,69.7,26.5,13.37483585,22.68,32.18,9.5,3996.975398,,,,,,,,1.497071104,0.211371465,0.85,0.729684542,-0.548835095,-1.214665898,2.158507524,,,,,,,,,,,,,,,
ต.ค.-11,69.7,26.5,13.37483585,22.68,32.18,9.5,3996.975398,6.7,25,24.30987309,18.77,31.68,12.91,3996.975398,,,,,,,,-0.290665549,-0.078322702,0.61,0.364762244,-0.494332071,-0.770268372,2.158507524,,,,,,,,,,,,,,,
พ.ย.-11,6.7,25,24.30987309,18.77,31.68,12.91,3996.975398,0.6,23.1,7.897243498,16.76,29.86,13.1,3996.975398,,,,,,,,-0.898804908,-0.699095917,0.85,-0.824276242,-0.721428005,0.377758569,2.158507524,,,,,,,,,,,,,,,
ธ.ค.-11,0.6,23.1,7.897243498,16.76,29.86,13.1,3996.975398,11,23.1,11.54523911,16.62,30.96,14.34,365.9278822,,,,,,,,-0.957688243,-1.485408657,0.18,-1.435521091,-1.548057206,0.44172488,2.158507524,,,,,,,,,,,,,,,
ม.ค.-12,11,23.1,11.54523911,16.62,30.96,14.34,365.9278822,0,25.2,14.58369919,16.79,33.98,17.18,365.9278822,,,,,,,,-0.857296983,-1.485408657,0.43,-1.478095359,-1.04844615,0.859189222,-0.810529743,,,,,,,,,,,,,,,
ก.พ.-12,0,25.2,14.58369919,16.79,33.98,17.18,365.9278822,8.3,27.5,3.037561883,20.5,35.53,15.03,365.9278822,,,,,,,,-0.963480046,-0.616326155,0.43,-1.426398033,0.323213292,1.815317232,-0.810529743,,,,,,,,,,,,,,,
มี.ค.-12,8.3,27.5,3.037561883,20.5,35.53,15.03,365.9278822,75.9,29.4,12.14562852,23.53,37.13,13.6,365.9278822,,,,,,,,-0.883360099,0.335526108,0.06,-0.29817993,1.027210688,1.091487929,-0.810529743,,,,,,,,,,,,,,,
เม.ย.-12,75.9,29.4,12.14562852,23.53,37.13,13.6,365.9278822,216.4,28.6,39.44821057,24.49,34.96,10.47,365.9278822,,,,,,,,-0.230816914,1.121838847,0.36,0.623248871,1.753917678,0.610057276,-0.810529743,,,,,,,,,,,,,,,
พ.ค.-12,216.4,28.6,39.44821057,24.49,34.96,10.47,365.9278822,55.9,28.2,103.0569729,24.84,33.28,8.43,365.9278822,,,,,,,,1.125430385,0.790759799,1.03,0.915186709,0.768321323,-0.443703524,-0.810529743,,,,,,,,,,,,,,,
มิ.ย.-12,55.9,28.2,103.0569729,24.84,33.28,8.43,365.9278822,106,27.6,153.2348915,24.26,32.76,8.5,365.9278822,,,,,,,,-0.423877028,0.625220275,3.88,1.02162238,0.005278984,-1.1304997,-0.810529743,,,,,,,,,,,,,,,
ก.ค.-12,106,27.6,153.2348915,24.26,32.76,8.5,365.9278822,185.4,27.7,203.3913079,24.47,32.53,8.06,365.9278822,,,,,,,,0.059738557,0.376910989,5.03,0.845243269,-0.230900787,-1.106933164,-0.810529743,,,,,,,,,,,,,,,
ส.ค.-12,185.4,27.7,203.3913079,24.47,32.53,8.06,365.9278822,179.6,27.7,201.4348452,24.07,32.81,8.74,365.9278822,,,,,,,,0.826187209,0.41829587,6.54,0.909104671,-0.335364917,-1.255065673,-0.810529743,,,,,,,,,,,,,,,
ก.ย.-12,179.6,27.7,201.4348452,24.07,32.81,8.74,365.9278822,80.1,27.4,225.4940011,23,33.47,10.47,365.9278822,,,,,,,,0.770199776,0.41829587,6.17,0.787463905,-0.208191194,-1.026133614,-0.810529743,,,,,,,,,,,,,,,
ต.ค.-12,80.1,27.4,225.4940011,23,33.47,10.47,365.9278822,38.8,27,130.5208507,22.57,33.16,10.59,365.9278822,,,,,,,,-0.19027429,0.294141227,5.74,0.462074857,0.091575439,-0.443703524,-0.810529743,,,,,,,,,,,,,,,
พ.ย.-12,38.8,27,130.5208507,22.57,33.16,10.59,365.9278822,1,24.3,73.6874276,17.99,31.89,13.9,365.9278822,,,,,,,,-0.588943425,0.128601703,3.63,0.331311033,-0.04922404,-0.403303749,-0.810529743,,,,,,,,,,,,,,,
ธ.ค.-12,1,24.3,73.6874276,17.99,31.89,13.9,365.9278822,25,23.2,83.29515639,16.82,30.97,14.16,1171.580636,,,,,,,,-0.95382704,-0.988790085,1.09,-1.061475736,-0.626047713,0.711056713,-0.810529743,,,,,,,,,,,,,,,
ม.ค.-13,25,23.2,83.29515639,16.82,30.97,14.16,1171.580636,31.6,26.9,54.3107662,20.82,34.26,13.44,1171.580636,,,,,,,,-0.722154904,-1.444023776,1.69,-1.417274976,-1.043904232,0.798589559,-0.334089321,,,,,,,,,,,,,,,
ก.พ.-13,31.6,26.9,54.3107662,20.82,34.26,13.44,1171.580636,17.1,27.6,105.5745154,19.93,35.34,15.4,1171.580636,,,,,,,,-0.658445066,0.087216822,1.27,-0.200867317,0.450387016,0.556190909,-0.334089321,,,,,,,,,,,,,,,
มี.ค.-13,17.1,27.6,105.5745154,19.93,35.34,15.4,1171.580636,1.2,31.2,345.5810556,24.59,38,13.41,1171.580636,,,,,,,,-0.798413649,0.376910989,1.81,-0.471518021,0.940914233,1.216053902,-0.334089321,,,,,,,,,,,,,,,
เม.ย.-13,1.2,31.2,345.5810556,24.59,38,13.41,1171.580636,89.9,29.8,779.1296886,24.74,36.65,11.91,1171.580636,,,,,,,,-0.951896439,1.866766705,6.82,0.945596901,2.149064604,0.546090965,-0.334089321,,,,,,,,,,,,,,,
พ.ค.-13,89.9,29.8,779.1296886,24.74,36.65,11.91,1171.580636,39.7,28.9,1877.919578,25.69,34.23,8.55,1171.580636,,,,,,,,-0.095674834,1.287378371,18.26,0.991212188,1.535905581,0.041093777,-0.334089321,,,,,,,,,,,,,,,
มิ.ย.-13,39.7,28.9,1877.919578,25.69,34.23,8.55,1171.580636,272.9,27.9,1892.643896,24.4,32.78,8.38,1171.580636,,,,,,,,-0.58025572,0.914914442,30.03,1.280109007,0.436761259,-1.090099925,-0.334089321,,,,,,,,,,,,,,,
ก.ค.-13,272.9,27.9,1892.643896,24.4,32.78,8.38,1171.580636,299.4,27.3,1016.765507,24.22,31.57,7.35,1171.580636,,,,,,,,1.670825207,0.501065632,38.68,0.887817537,-0.22181695,-1.147332939,-0.334089321,,,,,,,,,,,,,,,
ส.ค.-13,299.4,27.3,1016.765507,24.22,31.57,7.35,1171.580636,275.6,27.5,491.5029475,23.65,32.17,8.51,1171.580636,,,,,,,,1.926629858,0.252756346,30.12,0.833079192,-0.771389111,-1.494097675,-0.334089321,,,,,,,,,,,,,,,
ก.ย.-13,275.6,27.5,491.5029475,23.65,32.17,8.51,1171.580636,123.4,26.2,144.1238889,22.17,30.94,8.77,1171.580636,,,,,,,,1.696888322,0.335526108,17.12,0.659741101,-0.49887399,-1.103566516,-0.334089321,,,,,,,,,,,,,,,
ต.ค.-13,123.4,26.2,144.1238889,22.17,30.94,8.77,1171.580636,85.4,26.4,63.61804208,21.91,32.5,10.59,1171.580636,,,,,,,,0.227700856,-0.202477345,5.22,0.209670267,-1.057529988,-1.01603367,-0.334089321,,,,,,,,,,,,,,,
พ.ย.-13,85.4,26.4,63.61804208,21.91,32.5,10.59,1171.580636,26.8,21.1,25.19665388,15.55,27.16,11.61,1171.580636,,,,,,,,-0.13911336,-0.119707583,1.86,0.13060377,-0.348990673,-0.403303749,-0.334089321,,,,,,,,,,,,,,,
ธ.ค.-13,26.8,21.1,25.19665388,15.55,27.16,11.61,1171.580636,0,21.3,7.194878685,14.33,29.07,14.74,6879.661696,,,,,,,,-0.704779494,-2.313106277,0.9,-1.803484408,-2.774375251,-0.059905661,-0.334089321,,,,,,,,,,,,,,,
ม.ค.-14,0,21.3,7.194878685,14.33,29.07,14.74,6879.661696,0,24.3,5.394470668,16.53,33.15,16.61,6879.661696,,,,,,,,-0.963480046,-2.230336515,0.24,-2.174488743,-1.906868782,0.993855139,2.559414709,,,,,,,,,,,,,,,
ก.พ.-14,0,24.3,5.394470668,16.53,33.15,16.61,6879.661696,5.9,27.7,1.198674266,19.5,36.56,17.06,6879.661696,,,,,,,,-0.963480046,-0.988790085,0.18,-1.505464531,-0.053765958,1.6234183,2.559414709,,,,,,,,,,,,,,,
มี.ค.-14,5.9,27.7,1.198674266,19.5,36.56,17.06,6879.661696,34.9,29.6,2.995944091,23.77,37.24,13.46,6879.661696,,,,,,,,-0.906527312,0.41829587,0,-0.602281845,1.495028313,1.774917457,2.559414709,,,,,,,,,,,,,,,
เม.ย.-14,34.9,29.6,2.995944091,23.77,37.24,13.46,6879.661696,236.1,29.1,11.38003941,24.51,35.93,11.42,6879.661696,,,,,,,,-0.626590147,1.204608609,0,0.696233331,1.803878784,0.562924205,2.559414709,,,,,,,,,,,,,,,
พ.ค.-14,236.1,29.1,11.38003941,24.51,35.93,11.42,6879.661696,58.2,28.8,53.28387313,25.06,33.78,8.72,6879.661696,,,,,,,,1.315594597,0.997684204,0.3,0.921268748,1.208887436,-0.123871971,2.559414709,,,,,,,,,,,,,,,
มิ.ย.-14,58.2,28.8,53.28387313,25.06,33.78,8.72,6879.661696,175.2,28,89.75516586,24.78,32.41,7.63,6879.661696,,,,,,,,-0.401675115,0.873529561,1.62,1.088524801,0.232374919,-1.03286691,2.559414709,,,,,,,,,,,,,,,
ก.ค.-14,175.2,28,89.75516586,24.78,32.41,7.63,6879.661696,231.3,27.5,109.9612984,24.29,32.71,8.42,6879.661696,,,,,,,,0.727726551,0.542450513,1.74,1.003376265,-0.389867941,-1.399831533,2.559414709,,,,,,,,,,,,,,,
ส.ค.-14,231.3,27.5,109.9612984,24.29,32.71,8.42,6879.661696,177.5,27.6,100.2818038,24.09,32.87,8.78,6879.661696,,,,,,,,1.26926017,0.335526108,1.85,0.854366327,-0.253610381,-1.133866348,2.559414709,,,,,,,,,,,,,,,
ก.ย.-14,177.5,27.6,100.2818038,24.09,32.87,8.78,6879.661696,129.3,27.3,49.50840539,22.81,32.52,9.7,6879.661696,,,,,,,,0.749928464,0.376910989,2.45,0.793545944,-0.180939682,-1.012667022,2.559414709,,,,,,,,,,,,,,,
ต.ค.-14,129.3,27.3,49.50840539,22.81,32.52,9.7,6879.661696,16,25.8,23.84615889,20.81,31.81,11.01,6879.661696,,,,,,,,0.28465359,0.252756346,0.95,0.404295493,-0.339906836,-0.702935414,2.559414709,,,,,,,,,,,,,,,
พ.ย.-14,16,25.8,23.84615889,20.81,31.81,11.01,6879.661696,0,23.5,14.89616775,17.24,29.42,12.18,6879.661696,,,,,,,,-0.809031955,-0.368016869,0.48,-0.203908336,-0.662383062,-0.261904536,2.559414709,,,,,,,,,,,,,,,
ธ.ค.-14,0,23.5,14.89616775,17.24,29.42,12.18,6879.661696,78.9,22.3,10.12508651,16.28,28.86,12.58,469.6968804,,,,,,,,-0.963480046,-1.319869133,0.18,-1.289552172,-1.747901628,0.131993271,2.559414709,,,,,,,,,,,,,,,
ม.ค.-15,78.9,22.3,10.12508651,16.28,28.86,12.58,469.6968804,0,24.4,7.738818449,16.52,32.7,16.18,469.6968804,,,,,,,,-0.201857897,-1.816487705,0.12,-1.58149001,-2.002249074,0.266659188,-0.9238296,,,,,,,,,,,,,,,
ก.พ.-15,0,24.4,7.738818449,16.52,32.7,16.18,469.6968804,27.5,27.9,4.165451743,20.07,36.01,15.94,469.6968804,,,,,,,,-0.963480046,-0.947405204,0.12,-1.50850555,-0.258152299,1.47865244,-0.9238296,,,,,,,,,,,,,,,
มี.ค.-15,27.5,27.9,4.165451743,20.07,36.01,15.94,469.6968804,53.8,29.7,14.87156913,22.89,36.43,13.54,469.6968804,,,,,,,,-0.69802239,0.501065632,0,-0.428943753,1.245222785,1.397852889,-0.9238296,,,,,,,,,,,,,,,
เม.ย.-15,53.8,29.7,14.87156913,22.89,36.43,13.54,469.6968804,76.5,30.4,102.8885515,25.1,36.42,11.31,469.6968804,,,,,,,,-0.44414834,1.24599349,0.3,0.428623646,1.43598337,0.589857388,-0.9238296,,,,,,,,,,,,,,,
พ.ค.-15,76.5,30.4,102.8885515,25.1,36.42,11.31,469.6968804,15.2,29.9,237.7889433,25.28,35.15,9.87,469.6968804,,,,,,,,-0.225025111,1.535687657,1.96,1.100688877,1.431441451,-0.160905098,-0.9238296,,,,,,,,,,,,,,,
มิ.ย.-15,15.2,29.9,237.7889433,25.28,35.15,9.87,469.6968804,120.2,28.2,364.2262124,24.64,32.5,7.86,469.6968804,,,,,,,,-0.81675436,1.328763252,3.51,1.155427222,0.854617778,-0.645702399,-0.9238296,,,,,,,,,,,,,,,
ก.ค.-15,120.2,28.2,364.2262124,24.64,32.5,7.86,469.6968804,143,28.2,490.2533945,24.38,32.77,8.39,469.6968804,,,,,,,,0.196811238,0.625220275,4.93,0.960801997,-0.348990673,-1.322398631,-0.9238296,,,,,,,,,,,,,,,
ส.ค.-15,143,28.2,490.2533945,24.38,32.77,8.39,469.6968804,139.4,28.2,632.597694,24.48,33.26,8.78,469.6968804,,,,,,,,0.416899768,0.625220275,6.59,0.881735499,-0.226358868,-1.143966291,-0.9238296,,,,,,,,,,,,,,,
ก.ย.-15,139.4,28.2,632.597694,24.48,33.26,8.78,469.6968804,93.2,27.3,514.9682562,22.62,32.35,9.73,469.6968804,,,,,,,,0.382148947,0.625220275,8.24,0.91214569,-0.003804853,-1.012667022,-0.9238296,,,,,,,,,,,,,,,
ต.ค.-15,93.2,27.3,514.9682562,22.62,32.35,9.73,469.6968804,79.2,26.8,527.4496737,21.53,33.38,11.86,469.6968804,,,,,,,,-0.063819916,0.252756346,4.75,0.346516129,-0.417119453,-0.69283547,-0.9238296,,,,,,,,,,,,,,,
พ.ย.-15,79.2,26.8,527.4496737,21.53,33.38,11.86,469.6968804,4.9,24.5,210.0400291,18.06,31.57,13.51,469.6968804,,,,,,,,-0.198961995,0.045831941,6.6,0.015045042,0.050698171,0.024260537,-0.9238296,,,,,,,,,,,,,,,
ธ.ค.-15,4.9,24.5,210.0400291,18.06,31.57,13.51,469.6968804,34.2,21.6,46.27171445,13.96,29.8,15.84,3117.11368,,,,,,,,-0.916180318,-0.906020323,2.72,-1.040188602,-0.771389111,0.579757444,-0.9238296,,,,,,,,,,,,,,,
ม.ค.-16,34.2,21.6,46.27171445,13.96,29.8,15.84,3117.11368,45.3,24.2,16.19026803,17.07,32.27,15.2,3117.11368,,,,,,,,-0.633347251,-2.106181872,0.4,-2.287006452,-1.575308718,1.36418641,-0.200453592,,,,,,,,,,,,,,,
ก.พ.-16,45.3,24.2,16.19026803,17.07,32.27,15.2,3117.11368,0,29.4,24.27460824,21.49,36.5,15.01,3117.11368,,,,,,,,-0.526198888,-1.030174966,0.23,-1.341249497,-0.453454803,1.148720943,-0.200453592,,,,,,,,,,,,,,,
มี.ค.-16,0,29.4,24.27460824,21.49,36.5,15.01,3117.11368,17.7,32.4,35.25147594,25.32,39.04,13.72,3117.11368,,,,,,,,-0.963480046,1.121838847,0.06,0.002880966,1.467776801,1.084754633,-0.200453592,,,,,,,,,,,,,,,
เม.ย.-16,17.7,32.4,35.25147594,25.32,39.04,13.72,3117.11368,85.7,31.1,62.9795692,25.36,37.37,12,3117.11368,,,,,,,,-0.792621845,2.363385277,0.23,1.167591299,2.621424147,0.650457051,-0.200453592,,,,,,,,,,,,,,,
พ.ค.-16,85.7,31.1,62.9795692,25.36,37.37,12,3117.11368,236.1,28.1,160.0498292,24.33,33.09,8.76,3117.11368,,,,,,,,-0.136217458,1.825381824,0.69,1.179755375,1.862923726,0.071393608,-0.200453592,,,,,,,,,,,,,,,
มิ.ย.-16,236.1,28.1,160.0498292,24.33,33.09,8.76,3117.11368,162.1,27.6,620.4473807,24.51,32.23,7.71,3117.11368,,,,,,,,1.315594597,0.583835394,0.92,0.866530403,-0.081017471,-1.019400318,-0.200453592,,,,,,,,,,,,,,,
ก.ค.-16,162.1,27.6,620.4473807,24.51,32.23,7.71,3117.11368,132.1,27.7,937.2590482,24.43,31.99,7.56,3117.11368,,,,,,,,0.601272176,0.376910989,9.76,0.921268748,-0.471622477,-1.37289835,-0.200453592,,,,,,,,,,,,,,,
ส.ค.-16,132.1,27.7,937.2590482,24.43,31.99,7.56,3117.11368,213.1,27.6,500.7398605,24.38,31.78,7.4,3117.11368,,,,,,,,0.311682006,0.41829587,16.28,0.896940595,-0.580628526,-1.423398069,-0.200453592,,,,,,,,,,,,,,,
ก.ย.-16,213.1,27.6,500.7398605,24.38,31.78,7.4,3117.11368,141.7,27.6,174.7062283,23.41,32.68,9.27,3117.11368,,,,,,,,1.093575467,0.376910989,9.4,0.881735499,-0.676008818,-1.477264436,-0.200453592,,,,,,,,,,,,,,,
ต.ค.-16,141.7,27.6,174.7062283,23.41,32.68,9.27,3117.11368,105.3,26.3,123.9178799,21.6,32.32,10.72,3117.11368,,,,,,,,0.40435086,0.376910989,4.9,0.586756642,-0.267236137,-0.847701274,-0.200453592,,,,,,,,,,,,,,,
พ.ย.-16,105.3,26.3,123.9178799,21.6,32.32,10.72,3117.11368,6,24,42.05645705,18.75,30.37,11.62,3117.11368,,,,,,,,0.052981453,-0.161092464,1.84,0.036332176,-0.430745209,-0.359537326,-0.200453592,,,,,,,,,,,,,,,
ธ.ค.-16,6,24,42.05645705,18.75,30.37,11.62,3117.11368,27.5,23.7,26.48754941,18.56,29.47,10.91,2744.14432,,,,,,,,-0.905562012,-1.112944728,0.63,-0.830358281,-1.316419353,-0.056539013,-0.200453592,,,,,,,,,,,,,,,
ม.ค.-17,27.5,23.7,26.48754941,18.56,29.47,10.91,2744.14432,0,25,16.6939142,16.74,33.42,16.68,2744.14432,,,,,,,,-0.69802239,-1.237099371,0.75,-0.888137644,-1.725192034,-0.295571015,-0.066817864,,,,,,,,,,,,,,,
ก.พ.-17,0,25,16.6939142,16.74,33.42,16.68,2744.14432,0,29.1,20.71216477,20.81,36.8,16,2744.14432,,,,,,,,-0.963480046,-0.699095917,0.29,-1.441603129,0.068865846,1.646984836,-0.066817864,,,,,,,,,,,,,,,
มี.ค.-17,0,29.1,20.71216477,20.81,36.8,16,2744.14432,53.1,29.5,27.02998027,23.44,36.25,12.81,2744.14432,,,,,,,,-0.963480046,0.997684204,0.52,-0.203908336,1.604034361,1.418052777,-0.066817864,,,,,,,,,,,,,,,
เม.ย.-17,53.1,29.5,27.02998027,23.44,36.25,12.81,2744.14432,411.4,28.9,94.85277125,23.99,34.78,10.8,2744.14432,,,,,,,,-0.450905444,1.163223728,0.58,0.595879699,1.354228834,0.34409209,-0.066817864,,,,,,,,,,,,,,,
พ.ค.-17,411.4,28.9,94.85277125,23.99,34.78,10.8,2744.14432,234.5,28.2,214.334311,24.81,33.15,8.34,2744.14432,,,,,,,,3.007766495,0.914914442,2.87,0.763135752,0.686566787,-0.332604142,-0.066817864,,,,,,,,,,,,,,,
มิ.ย.-17,234.5,28.2,214.334311,24.81,33.15,8.34,2744.14432,126.8,27.6,339.4440928,24.49,32.35,7.86,2744.14432,,,,,,,,1.300149788,0.625220275,7.99,1.012499322,-0.053765958,-1.160799531,-0.066817864,,,,,,,,,,,,,,,
ก.ค.-17,126.8,27.6,339.4440928,24.49,32.35,7.86,2744.14432,210.3,27.8,214.5496809,24.32,32.55,8.24,2744.14432,,,,,,,,0.260521076,0.376910989,9.94,0.915186709,-0.417119453,-1.322398631,-0.066817864,,,,,,,,,,,,,,,
ส.ค.-17,210.3,27.8,214.5496809,24.32,32.55,8.24,2744.14432,124.1,27.9,110.0682653,24.3,33.72,9.43,2744.14432,,,,,,,,1.066547051,0.459680751,6.65,0.863489384,-0.32628108,-1.19446601,-0.066817864,,,,,,,,,,,,,,,
ก.ย.-17,124.1,27.9,110.0682653,24.3,33.72,9.43,2744.14432,192.8,27,92.82869667,23.6,32.54,8.93,2744.14432,,,,,,,,0.23445796,0.501065632,3.38,0.857407346,0.205123407,-0.793834907,-0.066817864,,,,,,,,,,,,,,,
ต.ค.-17,192.8,27,92.82869667,23.6,32.54,8.93,2744.14432,18.8,26.2,69.30201417,21.58,32.2,10.62,2744.14432,,,,,,,,0.897619451,0.128601703,2.58,0.644536005,-0.330822998,-0.962167304,-0.066817864,,,,,,,,,,,,,,,
พ.ย.-17,18.8,26.2,69.30201417,21.58,32.2,10.62,2744.14432,20.4,23.2,40.07235923,17.53,30.38,12.85,2744.14432,,,,,,,,-0.782003539,-0.202477345,2.63,0.030250138,-0.485248234,-0.393203805,-0.066817864,,,,,,,,,,,,,,,
ธ.ค.-17,20.4,23.2,40.07235923,17.53,30.38,12.85,2744.14432,0.3,23.4,13.73150895,17.62,30.17,12.55,1266.3758,,,,,,,,-0.76655873,-1.444023776,0.97,-1.201362617,-1.311877434,0.357558682,-0.066817864,,,,,,,,,,,,,,,
ม.ค.-18,0.3,23.4,13.73150895,17.62,30.17,12.55,1266.3758,0,25.3,9.14976914,17.93,33.35,15.41,1266.3758,,,,,,,,-0.960584144,-1.361254014,0.34,-1.173993444,-1.407257726,0.256559244,-0.21788434,,,,,,,,,,,,,,,
ก.พ.-18,0,25.3,9.14976914,17.93,33.35,15.41,1266.3758,10.6,27.9,8.001989066,20.62,35.46,14.84,1266.3758,,,,,,,,-0.963480046,-0.574941274,0.17,-1.079721851,0.037072415,1.21942055,-0.21788434,,,,,,,,,,,,,,,
มี.ค.-18,10.6,27.9,8.001989066,20.62,35.46,14.84,1266.3758,36.3,28.8,13.71097941,22.74,35.48,12.75,1266.3758,,,,,,,,-0.861158186,0.501065632,0.17,-0.2616877,0.995417258,1.027521618,-0.21788434,,,,,,,,,,,,,,,
เม.ย.-18,36.3,28.8,13.71097941,22.74,35.48,12.75,1266.3758,196.7,28.5,38.25797179,23.6,34.74,11.14,1266.3758,,,,,,,,-0.613075939,0.873529561,0.4,0.383008359,1.004501095,0.323892202,-0.21788434,,,,,,,,,,,,,,,
พ.ค.-18,196.7,28.5,38.25797179,23.6,34.74,11.14,1266.3758,144.8,28,105.5756498,24.58,33.05,8.47,1266.3758,,,,,,,,0.935266173,0.749374918,1.88,0.644536005,0.668399112,-0.218138113,-0.21788434,,,,,,,,,,,,,,,
มิ.ย.-18,144.8,28,105.5756498,24.58,33.05,8.47,1266.3758,159.4,27.5,188.1584477,24.42,31.97,7.55,1266.3758,,,,,,,,0.434275178,0.542450513,4.57,0.942555882,-0.099185145,-1.117033108,-0.21788434,,,,,,,,,,,,,,,
ก.ค.-18,159.4,27.5,188.1584477,24.42,31.97,7.55,1266.3758,120.3,27.5,180.389961,24.24,31.74,7.51,1266.3758,,,,,,,,0.575209061,0.335526108,5.07,0.893899575,-0.589712363,-1.426764717,-0.21788434,,,,,,,,,,,,,,,
ส.ค.-18,120.3,27.5,180.389961,24.24,31.74,7.51,1266.3758,64.2,28.1,147.230029,23.82,33.27,9.45,1266.3758,,,,,,,,0.197776539,0.335526108,3.47,0.839161231,-0.694176493,-1.440231308,-0.21788434,,,,,,,,,,,,,,,
ก.ย.-18,64.2,28.1,147.230029,23.82,33.27,9.45,1266.3758,214.6,27.5,89.11067546,23.3,33.43,10.13,1266.3758,,,,,,,,-0.343757081,0.583835394,4.49,0.711438427,0.000737066,-0.787101612,-0.21788434,,,,,,,,,,,,,,,
ต.ค.-18,214.6,27.5,89.11067546,23.3,33.43,10.13,1266.3758,8.5,25.9,54.45075355,20.28,32.47,12.2,1266.3758,,,,,,,,1.108054975,0.335526108,1.87,0.553305431,0.073407765,-0.558169553,-0.21788434,,,,,,,,,,,,,,,
พ.ย.-18,8.5,25.9,54.45075355,20.28,32.47,12.2,1266.3758,24.7,24.4,39.12136809,19.21,31.39,12.18,1266.3758,,,,,,,,-0.881429498,-0.326631988,1.08,-0.365082351,-0.362616429,0.138726567,-0.21788434,,,,,,,,,,,,,,,
ธ.ค.-18,24.7,24.4,39.12136809,19.21,31.39,12.18,1266.3758,38.8,23.7,15.29810049,17.8,31.41,13.62,886.8891029,,,,,,,,-0.725050805,-0.947405204,0.74,-0.6904714,-0.853143647,0.131993271,-0.21788434,,,,,,,,,,,,,,,
ม.ค.-19,38.8,23.7,15.29810049,17.8,31.41,13.62,886.8891029,0,25.3,14.1590274,17.26,34.91,17.65,886.8891029,,,,,,,,-0.588943425,-1.237099371,0.11,-1.1192551,-0.84405981,0.616790572,-0.578119781,,,,,,,,,,,,,,,
ก.พ.-19,0,25.3,14.1590274,17.26,34.91,17.65,886.8891029,0,28.5,24.34076161,20.56,36.7,16.14,886.8891029,,,,,,,,-0.963480046,-0.574941274,0.23,-1.283470133,0.74561173,1.973549684,-0.578119781,,,,,,,,,,,,,,,
มี.ค.-19,0,28.5,24.34076161,20.56,36.7,16.14,886.8891029,22.3,31.2,29.99196442,23.49,39.24,15.74,886.8891029,,,,,,,,-0.963480046,0.749374918,0.51,-0.279933815,1.558615175,1.465185848,-0.578119781,,,,,,,,,,,,,,,
เม.ย.-19,22.3,31.2,29.99196442,23.49,39.24,15.74,886.8891029,77.3,31.1,58.81750794,25.7,37.22,11.52,886.8891029,,,,,,,,-0.748218019,1.866766705,1.13,0.611084795,2.71226252,1.330519931,-0.578119781,,,,,,,,,,,,,,,
พ.ค.-19,77.3,31.1,58.81750794,25.7,37.22,11.52,886.8891029,43.5,29.7,163.3649794,25.38,34.77,9.39,886.8891029,,,,,,,,-0.217302706,1.825381824,1.47,1.283150026,1.794794946,-0.090205492,-0.578119781,,,,,,,,,,,,,,,
มิ.ย.-19,43.5,29.7,163.3649794,25.38,34.77,9.39,886.8891029,97.3,29,405.0710145,25.06,33.72,8.66,886.8891029,,,,,,,,-0.543574298,1.24599349,4.47,1.185837413,0.682024868,-0.807301499,-0.578119781,,,,,,,,,,,,,,,
ก.ค.-19,97.3,29,405.0710145,25.06,33.72,8.66,886.8891029,238.3,27.4,411.8488346,24.48,32.35,7.87,886.8891029,,,,,,,,-0.024242592,0.956299323,10.85,1.088524801,0.205123407,-1.053066797,-0.578119781,,,,,,,,,,,,,,,
ส.ค.-19,238.3,27.4,411.8488346,24.48,32.35,7.87,886.8891029,214.3,27.8,390.5078969,23.51,33.75,10.24,886.8891029,,,,,,,,1.33683121,0.294141227,10.89,0.91214569,-0.417119453,-1.319031983,-0.578119781,,,,,,,,,,,,,,,
ก.ย.-19,214.3,27.8,390.5078969,23.51,33.75,10.24,886.8891029,175.5,27.8,349.531088,23.02,34.22,11.2,886.8891029,,,,,,,,1.105159073,0.459680751,8.34,0.617166833,0.218749163,-0.521136426,-0.578119781,,,,,,,,,,,,,,,
ต.ค.-19,175.5,27.8,349.531088,23.02,34.22,11.2,886.8891029,56,26.2,242.962523,20.42,33.04,12.63,886.8891029,,,,,,,,0.730622453,0.459680751,7.15,0.468156895,0.432219341,-0.197938225,-0.578119781,,,,,,,,,,,,,,,
พ.ย.-19,56,26.2,242.962523,20.42,33.04,12.63,886.8891029,9.1,22.3,89.36329495,15.11,30.59,15.48,886.8891029,,,,,,,,-0.422911727,-0.202477345,3.66,-0.322508083,-0.103727064,0.283492427,-0.578119781,,,,,,,,,,,,,,,
ธ.ค.-19,9.1,22.3,1.63,15.11,30.59,15.48,2.02,,,,,,,,,,,,,,,,,,,,,,,,,,,,,,,,,,,,
ม.ค.-20,0,23.5,0.9,15.14,32.74,17.6,4.2,,,,,,,,,,,,,,,,,,,,,,,,,,,,,,,,,,,,
ก.พ.-20,0,25.8,0.51,16.87,34.12,17.25,4.2,,,,,,,,,,,,,,,,,,,,,,,,,,,,,,,,,,,,
มี.ค.-20,5.1,29.4,0.56,19.63,37.53,17.9,4.2,,,,,,,,,,,,,,,,,,,,,,,,,,,,,,,,,,,,
เม.ย.-20,64.2,30.7,0.9,22.21,37.62,15.41,4.2,,,,,,,,,,,,,,,,,,,,,,,,,,,,,,,,,,,,
พ.ค.-20,41.5,31,1.46,24.67,37.39,12.72,4.2,,,,,,,,,,,,,,,,,,,,,,,,,,,,,,,,,,,,
มิ.ย.-20,98.9,29.5,4.15,25.11,35.34,10.23,4.2,,,,,,,,,,,,,,,,,,,,,,,,,,,,,,,,,,,,
ก.ค.-20,137.8,29.3,6.55,24.66,34.38,9.72,4.2,,,,,,,,,,,,,,,,,,,,,,,,,,,,,,,,,,,,
ส.ค.-20,389,27.6,4.88,24.15,32.16,8.01,4.2,,,,,,,,,,,,,,,,,,,,,,,,,,,,,,,,,,,,
ก.ย.-20,251.5,28.2,4.77,24.37,33.06,8.69,4.2,,,,,,,,,,,,,,,,,,,,,,,,,,,,,,,,,,,,
ต.ค.-20,95.1,27,2.41,22.74,30.99,8.25,4.2,,,,,,,,,,,,,,,,,,,,,,,,,,,,,,,,,,,,
พ.ย.-20,2.1,26.4,1.79,20.91,32.86,11.95,4.2,,,,,,,,,,,,,,,,,,,,,,,,,,,,,,,,,,,,
ธ.ค.-20,0,23.1,0.11,16.18,30.81,14.64,4.2,,,,,,,,,,,,,,,,,,,,,,,,,,,,,,,,,,,,
ม.ค.-21,24.4,22.9,0.06,15.94,30.01,14.07,2.42,,,,,,,,,,,,,,,,,,,,,,,,,,,,,,,,,,,,
ก.พ.-21,3.3,25.4,0.06,17.87,32.92,15.05,2.42,,,,,,,,,,,,,,,,,,,,,,,,,,,,,,,,,,,,
มี.ค.-21,9.4,28.6,0.22,20.51,36.68,16.17,2.42,,,,,,,,,,,,,,,,,,,,,,,,,,,,,,,,,,,,
เม.ย.-21,142.8,28.4,0.22,22.88,34.94,12.06,2.42,,,,,,,,,,,,,,,,,,,,,,,,,,,,,,,,,,,,
พ.ค.-21,101.9,30.3,0.22,25.15,36.63,11.48,2.42,,,,,,,,,,,,,,,,,,,,,,,,,,,,,,,,,,,,
มิ.ย.-21,131.5,28.7,0.45,24.31,33.49,9.18,2.42,,,,,,,,,,,,,,,,,,,,,,,,,,,,,,,,,,,,
ก.ค.-21,135,28.3,0.56,24.43,32.89,8.46,2.42,,,,,,,,,,,,,,,,,,,,,,,,,,,,,,,,,,,,
ส.ค.-21,108,28.5,0.28,24.55,33.31,8.77,2.42,,,,,,,,,,,,,,,,,,,,,,,,,,,,,,,,,,,,
ก.ย.-21,239.8,27.6,0.11,23.7,32.87,9.17,2.42,,,,,,,,,,,,,,,,,,,,,,,,,,,,,,,,,,,,
ต.ค.-21,165,27.3,0.22,23.11,32.84,9.72,2.42,,,,,,,,,,,,,,,,,,,,,,,,,,,,,,,,,,,,
พ.ย.-21,44.4,26.7,0.11,21.61,32.41,10.8,2.42,,,,,,,,,,,,,,,,,,,,,,,,,,,,,,,,,,,,
ธ.ค.-21,0,22.9,0.06,16.47,30.2,13.73,2.42,,,,,,,,,,,,,,,,,,,,,,,,,,,,,,,,,,,,
ม.ค.-22,26.7,23.2,0.17,16.36,30.91,14.55,0.21,,,,,,,,,,,,,,,,,,,,,,,,,,,,,,,,,,,,
ก.พ.-22,33.9,24.7,0.06,17.43,32.16,14.74,0.21,,,,,,,,,,,,,,,,,,,,,,,,,,,,,,,,,,,,
มี.ค.-22,47,29.4,0.11,23.08,36,12.93,0.21,,,,,,,,,,,,,,,,,,,,,,,,,,,,,,,,,,,,
เม.ย.-22,200.7,28.9,0.17,23.17,34.81,11.64,0.21,,,,,,,,,,,,,,,,,,,,,,,,,,,,,,,,,,,,
พ.ค.-22,392,28.3,0.78,23.92,34.04,10.12,0.21,,,,,,,,,,,,,,,,,,,,,,,,,,,,,,,,,,,,
มิ.ย.-22,81.2,29,2.57,24.48,34.41,9.94,0.21,,,,,,,,,,,,,,,,,,,,,,,,,,,,,,,,,,,,
ก.ค.-22,171.7,28.4,6.87,24.35,33.82,9.47,0.21,,,,,,,,,,,,,,,,,,,,,,,,,,,,,,,,,,,,
ส.ค.-22,262.1,27.7,9.05,23.95,33.13,9.19,0.21,,,,,,,,,,,,,,,,,,,,,,,,,,,,,,,,,,,,
ก.ย.-22,452.9,27.2,8.54,23.76,32.42,8.65,0.21,,,,,,,,,,,,,,,,,,,,,,,,,,,,,,,,,,,,
ต.ค.-22,147,26.8,7.87,22.3,32.41,10.11,0.21,,,,,,,,,,,,,,,,,,,,,,,,,,,,,,,,,,,,
พ.ย.-22,12.4,26,6.36,20.91,32.84,11.93,0.21,,,,,,,,,,,,,,,,,,,,,,,,,,,,,,,,,,,,
ธ.ค.-22,0,25.1,2.68,18.75,31.46,12.7,0.21,,,,,,,,,,,,,,,,,,,,,,,,,,,,,,,,,,,,
