,,,,,,,,,,,,,,,precipitation,temperature,dengue_incidence,temp_min,temp_max,deltemp,dengue_befor
2.8,21.5,0,15.41904762,31.37727273,15.95822511,6.210515432,7.5,96.36666667,26.58072917,4.210127935,21.44740839,33.22140798,11.77399959,4.335646774,-0.958288779,2.272410527,0,-1.817783702,-0.824489717,1.398780574,0.521921409
4.9,24,0.187342632,17.4,34.0875,16.6875,6.210515432,5,97.63932204,2.107939613,7.081395814,3.316324579,2.236698907,2.991338026,3.592243245,-0.93678105,1.086418298,1.87342632,-1.220450017,0.387218869,1.642576121,0.521921409
0,28,0.248450446,19.80740741,37.54705882,17.73965142,6.210515432,1,,,,,,,,-0.98696575,-0.811169268,2.48450446,-0.494523663,1.933944184,1.994308827,0.521921409
0.5,30.3,0.370644235,23.625,37.88888889,14.26388889,6.210515432,1.3,,,,,,,,-0.981844862,-0.668850201,3.70644235,0.656628011,2.086772117,0.832366412,0.521921409
249.1,27.7,0.863850391,23.89090909,31.21818182,7.327272727,6.210515432,1.3,,,,,,,,1.564260486,-0.668850201,8.63850391,0.736809876,-0.895617265,-1.486534394,0.521921409
178.8,26.7,3.179994411,23.99130435,32.64666667,8.655362319,6.210515432,2.3,,,,,,,,0.84426368,-0.194453309,31.79994411,0.767082926,-0.256959623,-1.042555954,0.521921409
218,26.2,9.550900826,23.91764706,32.97727273,9.059625668,6.210515432,2.8,,,,,,,,1.245741273,0.042745137,95.50900826,0.744872407,-0.109149804,-0.907411298,0.521921409
115.7,26.6,7.811246378,24.11764706,32.92857143,8.81092437,6.210515432,2.4,,,,,,,,0.198007656,-0.14701362,78.11246378,0.805180134,-0.130923544,-0.990551784,0.521921409
371.4,25.8,5.542659501,23.4,30.961,7.561,6.210515432,3.2,,,,,,,,2.816829609,0.232503893,55.42659501,0.588781817,-1.010600028,-1.408399703,0.521921409
38.8,25.5,1.782106179,21.824,32.22222222,10.39822222,6.210515432,3.5,,,,,,,,-0.589584867,0.374822961,17.82106179,0.113556922,-0.446723408,-0.459920396,0.521921409
28.9,24.2,0.921183537,19.69259259,31.45444444,11.76185185,6.210515432,4.8,,,,,,,,-0.690978442,0.99153892,9.21183537,-0.529144768,-0.789987214,-0.004060971,0.521921409
0,19.9,0.184024468,14.26538462,29.29090909,15.02552448,6.210515432,9.1,,,,,,,,-0.98696575,3.031445553,1.84024468,-2.165657673,-1.757276707,1.086980095,0.521921409
0,21.8,0.061308808,15.62,31.52857143,15.90857143,2.553533584,7.2,,,,,,,,-0.98696575,2.130091459,0.61308808,-1.757188795,-0.756845968,1.38218142,-0.496100366
0,25.1,0.183935897,17.025,35.475,18.45,2.553533584,3.9,,,,,,,,-0.98696575,0.564581717,1.83935897,-1.333527007,1.0075527,2.231777336,-0.496100366
24.7,26.9,0.245229369,19.63333333,35.57647059,15.94313725,2.553533584,2.1,,,,,,,,-0.733993899,-0.289332687,2.45229369,-0.547013725,1.052918927,1.393736724,-0.496100366
57.2,29.2,0.735576269,22.972,36.675,13.703,2.553533584,0.2,,,,,,,,-0.401136201,-1.190686781,7.35576269,0.459723279,1.544057634,0.644862063,-0.496100366
104.7,28.6,5.134433528,24.43,36.03913043,11.60913043,2.553533584,0.4,,,,,,,,0.085348128,-1.095807403,51.34433528,0.899366615,1.259768332,-0.055115523,-0.496100366
193.5,27.6,5.971036816,24.856,32.94736842,8.091368421,2.553533584,1.4,,,,,,,,0.994817777,-0.621410512,59.71036816,1.027822075,-0.122519646,-1.231098303,-0.496100366
179.1,27.4,4.504274191,24.45882353,33.70454545,9.245721925,2.553533584,1.6,,,,,,,,0.847336213,-0.526531133,45.04274191,0.908058023,0.216004698,-0.845199587,-0.496100366
155.2,26.2,3.03866396,23.84210526,32.23529412,8.393188854,2.553533584,2.8,,,,,,,,0.602557782,0.042745137,30.3866396,0.722093635,-0.440879126,-1.130200166,-0.496100366
200,26,1.640260498,22.47222222,32.51578947,10.04356725,2.553533584,3,,,,,,,,1.061389317,0.137624515,16.40260498,0.309020968,-0.315473176,-0.578481042,-0.496100366
192,26,1.093200173,22.95555556,33.28571429,10.33015873,2.553533584,3,,,,,,,,0.979455114,0.137624515,10.93200173,0.454764645,0.028750545,-0.482673922,-0.496100366
22.8,24.5,0.849380559,20.81,31.83,11.02,2.553533584,4.5,,,,,,,,-0.753453272,0.849219852,8.49380559,-0.192203258,-0.622081038,-0.252060978,-0.496100366
27.9,21.8,0.12121146,16.86,27.84117647,10.98117647,2.553533584,7.2,,,,,,,,-0.701220218,2.130091459,1.2121146,-1.383280882,-2.40543396,-0.265039628,-0.496100366
0,21.2,0.182322054,14.23529412,31.05333333,16.81803922,1.964875961,7.8,,,,,,,,-0.98696575,2.414729594,1.82322054,-2.174731121,-0.969318956,1.686215194,-0.659969454
0,24.7,0.060677955,18.01904762,33.48947368,15.47042607,1.964875961,4.3,,,,,,,,-0.98696575,0.754340474,0.60677955,-1.03378324,0.11984881,1.235710056,-0.659969454
18,27.8,0.242724927,20.51764706,36.89583333,16.37818627,1.964875961,1.2,,,,,,,,-0.802613794,-0.71628989,2.42724927,-0.280358966,1.642789443,1.539172986,-0.659969454
206.7,28.4,0.606601032,22.605,35.925,13.32,1.964875961,0.6,,,,,,,,1.130009212,-1.000928025,6.06601032,0.349058599,1.20874205,0.516825714,-0.659969454
219.5,26.5,3.454495207,22.59333333,33.93157895,11.33824561,1.964875961,2.5,,,,,,,,1.261103936,-0.099573931,34.54495207,0.345540647,0.317508525,-0.145671928,-0.659969454
180.4,27.6,8.953033475,24.18823529,33.97368421,9.785448916,1.964875961,1.4,,,,,,,,0.860650521,-0.621410512,89.53033475,0.826465213,0.336333259,-0.66476963,-0.659969454
269.3,26.4,5.925990427,23.61111111,32.52380952,8.912698413,1.964875961,2.6,,,,,,,,1.771144348,-0.052134242,59.25990427,0.652439974,-0.311887513,-0.956528868,-0.659969454
341.4,26,4.652787261,23.48571429,31.79473684,8.309022556,1.964875961,3,,,,,,,,2.509576349,0.137624515,46.52787261,0.614627987,-0.637846754,-1.158336839,-0.659969454
194.8,26.7,0.966394828,23.52941176,32.65,9.120588235,1.964875961,2.3,,,,,,,,1.008132085,-0.194453309,9.66394828,0.627804463,-0.255469333,-0.887031599,-0.659969454
69.9,25.8,0.905555948,22.14285714,32.6,10.45714286,1.964875961,3.2,,,,,,,,-0.271065654,0.232503893,9.05555948,0.20970467,-0.277823705,-0.44022331,-0.659969454
0,24,0.422336535,18.32222222,32.55909091,14.23686869,1.964875961,5,,,,,,,,-0.98696575,1.086418298,4.22336535,-0.942364384,-0.296113646,0.823333598,-0.659969454
0,21.9,0.24121117,15.755,30.21176471,14.45676471,1.964875961,7.1,,,,,,,,-0.98696575,2.08265177,2.4121117,-1.716481078,-1.34557372,0.896844522,-0.659969454
0,21.1,0.060288287,14.765,30.83076923,16.06576923,2.217844235,7.9,,,,,,,,-0.98696575,2.462169283,0.60288287,-2.015004331,-1.06882457,1.434732419,-0.589548757
0,23.4,0,16.53157895,33.52352941,16.99195046,2.217844235,5.6,,,,,,,,-0.98696575,1.371056433,0,-1.482312519,0.135074699,1.744353472,-0.589548757
0,26.6,0.120561527,19.475,36,16.525,2.217844235,2.4,,,,,,,,-0.98696575,-0.14701362,1.20561527,-0.594757341,1.242273608,1.588252605,-0.589548757
56,29.6,0.421899222,22.96363636,36.96842105,14.00478469,2.217844235,0.6,,,,,,,,-0.413426331,-1.000928025,4.21899222,0.457201319,1.675242502,0.745748251,-0.589548757
393.5,26.5,1.263404116,23.25217391,33.07142857,9.819254658,2.217844235,2.5,,,,,,,,3.043172844,-0.099573931,12.63404116,0.544206539,-0.06705391,-0.653468419,-0.589548757
130.1,27.8,2.945244302,24.385,34.42777778,10.04277778,2.217844235,1.2,,,,,,,,0.345489221,-0.71628989,29.45244302,0.885797376,0.539352793,-0.578744961,-0.589548757
74.6,27,4.629239963,24.048,32.95416667,8.906166667,2.217844235,2,,,,,,,,-0.22292931,-0.336772377,46.29239963,0.784178855,-0.119480234,-0.958712421,-0.589548757
153.2,26.9,4.447152801,23.74666667,33.15,9.403333333,2.217844235,2.1,,,,,,,,0.582074231,-0.289332687,44.47152801,0.693315213,-0.031925611,-0.79251032,-0.589548757
179.8,26.9,3.005195984,23.45,32.81333333,9.363333333,2.217844235,2.1,,,,,,,,0.854505455,-0.289332687,30.05195984,0.603858749,-0.182445052,-0.805882262,-0.589548757
64.6,25.8,1.141520277,22.17777778,32.29,10.11222222,2.217844235,3.2,,,,,,,,-0.325347063,0.232503893,11.41520277,0.220234592,-0.416420813,-0.555529784,-0.589548757
73.5,23.1,0.901482939,18.35333333,30.51666667,12.16333333,2.217844235,5.9,,,,,,,,-0.234195263,1.5133755,9.01482939,-0.932983182,-1.209255882,0.13015371,-0.589548757
0,21.8,0.240326989,15.08947368,30.94444444,15.85497076,2.217844235,7.2,,,,,,,,-0.98696575,2.130091459,2.40326989,-1.917162979,-1.018001811,1.364262793,-0.589548757
16.6,22.3,0.540589242,14.7125,31.08666667,16.37416667,1.598026367,6.7,,,,,,,,-0.816952279,1.892893013,5.40589242,-2.03083511,-0.954416038,1.537829239,-0.762092158
13.8,24.5,0.660577345,17.38666667,32.04666667,14.66,1.598026367,4.5,,,,,,,,-0.84562925,0.849219852,6.60577345,-1.224470531,-0.52521209,0.964785787,-0.762092158
9.4,27.8,0.480354117,20.53043478,35.81578947,15.28535469,1.598026367,1.2,,,,,,,,-0.890693061,-0.71628989,4.80354117,-0.276502974,1.159915393,1.17384096,-0.762092158
57.2,29.9,1.981000405,23.88181818,37.57647059,13.69465241,1.598026367,0.9,,,,,,,,-0.401136201,-0.858608957,19.81000405,0.734068615,1.947093817,0.642071476,-0.762092158
158.7,27.4,5.879310945,23.29,33.77058824,10.48058824,1.598026367,1.6,,,,,,,,0.638403996,-0.526531133,58.79310945,0.555612566,0.2455316,-0.432385554,-0.762092158
147.1,28,16.35894277,24.12222222,33.85625,9.734027778,1.598026367,1,,,,,,,,0.519599402,-0.811169268,163.5894277,0.806559722,0.283829898,-0.681959642,-0.762092158
101.6,27.8,25.5930454,24.13157895,34.14,10.00842105,1.598026367,1.2,,,,,,,,0.053598624,-0.71628989,255.930454,0.809381138,0.41069096,-0.590230366,-0.762092158
170.9,27.3,26.43580595,24.09,32.45789474,8.367894737,1.598026367,1.7,,,,,,,,0.763353655,-0.479091444,264.3580595,0.796843478,-0.341357183,-1.138655953,-0.762092158
236.4,27,16.05896276,23.13043478,33.12857143,9.998136646,1.598026367,2,,,,,,,,1.434189939,-0.336772377,160.5896276,0.507497487,-0.041506055,-0.593668428,-0.762092158
188.1,26.7,10.06423136,22.3125,32.21333333,9.900833333,1.598026367,2.3,,,,,,,,0.939512191,-0.194453309,100.6423136,0.260858547,-0.450697519,-0.626196785,-0.762092158
34.1,24.2,6.827185373,17.58235294,30.83636364,13.2540107,1.598026367,4.8,,,,,,,,-0.637721211,0.99153892,68.27185373,-1.16546356,-1.06632338,0.494765586,-0.762092158
7.1,21.6,2.753968259,14.67083333,28.85882353,14.1879902,1.598026367,7.4,,,,,,,,-0.914249145,2.224970837,27.53968259,-2.043399221,-1.950456736,0.80699359,-0.762092158
0,21.4,2.399028578,13.255,28.75454545,15.49954545,9.469497828,7.6,,,,,,,,-0.98696575,2.319850216,23.99028578,-2.470327676,-1.997078156,1.245444623,1.429149059
0,25.4,0.859321149,16.4826087,34.3173913,17.8347826,9.469497828,3.6,,,,,,,,-0.98696575,0.42226265,8.59321149,-1.497078941,0.490000383,2.026111044,1.429149059
16.7,27.1,1.412258527,19.08636364,35.30869565,16.22233202,9.469497828,1.9,,,,,,,,-0.815928102,-0.384212066,14.12258527,-0.71194622,0.933200113,1.487071134,1.429149059
97.9,29.6,0.982286308,23.50454545,36.41904762,12.91450216,9.469497828,0.6,,,,,,,,0.015704056,-1.000928025,9.82286308,0.620306309,1.429624538,0.381268369,1.429149059
142,28.5,4.785584347,23.75,34.94230769,11.19230769,9.469497828,0.5,,,,,,,,0.467366348,-1.048367714,47.85584347,0.69432034,0.769392656,-0.194458765,1.429149059
140.2,27.7,7.908981722,23.485,31.975,8.49,9.469497828,1.3,,,,,,,,0.448931152,-0.668850201,79.08981722,0.614412601,-0.557253359,-1.097836339,1.429149059
124,27.8,6.931120609,24.06111111,32.1326087,8.071497585,9.469497828,1.2,,,,,,,,0.283014392,-0.71628989,69.31120609,0.788132361,-0.486788488,-1.237741095,1.429149059
126.8,28,6.991625995,23.76,33.2,9.44,9.469497828,1,,,,,,,,0.311691363,-0.811169268,69.91625995,0.697335727,-0.009571238,-0.780252706,1.429149059
191.7,28,3.923357217,23.55714286,33.52857143,9.971428571,9.469497828,1,,,,,,,,0.976382582,-0.811169268,39.23357217,0.636166461,0.137328923,-0.602596899,1.429149059
223.4,27.4,3.799424694,22.73043478,32.95833333,10.22789855,9.469497828,1.6,,,,,,,,1.30104686,-0.526531133,37.99424694,0.386882032,-0.117617372,-0.516859354,1.429149059
0,25.1,4.165416021,18.89473684,32.01,13.11526316,9.469497828,3.9,,,,,,,,-0.98696575,0.564581717,41.65416021,-0.769729105,-0.541605298,0.448382483,1.429149059
7.5,22.5,1.408840659,15.77272727,30.14347826,14.37075099,9.469497828,6.5,,,,,,,,-0.910152435,1.798013635,14.08840659,-1.711135622,-1.376103734,0.868090259,1.429149059
21.7,24.2,1.285615372,17.4875,31.73333333,14.24583333,3.797270485,4.8,,,,,,,,-0.764719225,0.99153892,12.85615372,-1.194065386,-0.665299493,0.826330465,-0.149871891
0,24.5,0.857028645,15.7,34.055,18.355,3.797270485,4.5,,,,,,,,-0.98696575,0.849219852,8.57028645,-1.733065704,0.372688527,2.200018973,-0.149871891
4.3,27.8,1.040662988,20.55714286,35.85238095,15.2952381,3.797270485,1.2,,,,,,,,-0.942926116,-0.71628989,10.40662988,-0.268449456,1.176274984,1.17714497,-0.149871891
3.9,31.6,1.347050388,24.04117647,38.98333333,14.94215686,3.797270485,2.6,,,,,,,,-0.947022826,-0.052134242,13.47050388,0.782121297,2.576084485,1.059110419,-0.149871891
46.4,31.4,4.40226154,25.89458333,38.00666667,12.11208333,3.797270485,2.4,,,,,,,,-0.511747374,-0.14701362,44.0226154,1.340995079,2.139429083,0.113020909,-0.149871891
122.7,29.7,12.1577056,24.90416667,35.93846154,11.03429487,3.797270485,0.7,,,,,,,,0.269700084,-0.953488336,121.577056,1.042346187,1.214760536,-0.247282224,-0.149871891
114.5,28.6,38.6583772,24.76521739,33.88571429,9.120496894,3.797270485,0.4,,,,,,,,0.185717526,-1.095807403,386.583772,1.00044761,0.297003012,-0.887062134,-0.149871891
470.6,27.1,49.27100887,23.8826087,32.40869565,8.526086957,3.797270485,1.9,,,,,,,,3.832813722,-0.384212066,492.7100887,0.734306987,-0.363353479,-1.085772521,-0.149871891
196.2,27.5,18.55121141,23.84736842,33.33913043,9.491762014,3.797270485,1.5,,,,,,,,1.022470571,-0.573970822,185.5121141,0.723680681,0.05263223,-0.762948739,-0.149871891
169.6,26.9,6.832547082,23.53684211,32.37142857,8.834586466,3.797270485,2.1,,,,,,,,0.750039347,-0.289332687,68.32547082,0.630045,-0.380015122,-0.982641579,-0.149871891
0,24.8,1.524432073,19.50555556,31.6,12.09444444,3.797270485,4.2,,,,,,,,-0.98696575,0.706900785,15.24432073,-0.585543659,-0.724911151,0.107124253,-0.149871891
6.1,23.5,1.402029529,17.68333333,30.39411765,12.71078431,3.797270485,5.5,,,,,,,,-0.92449092,1.323616744,14.02029529,-1.135014071,-1.26404601,0.313165785,-0.149871891
2.6,22.7,0.609323255,16.32857143,29.82272727,13.49415584,11.44416089,6.3,,,,,,,,-0.960337134,1.703134257,6.09323255,-1.54352713,-1.519507475,0.575045761,1.978850994
0.8,24.5,0.304589432,16.575,33.14761905,16.57261905,11.44416089,4.5,,,,,,,,-0.978772329,0.849219852,3.04589432,-1.469219394,-0.032990103,1.604171584,1.978850994
60.4,25.4,0.487338341,19.4,31.55652174,12.15652174,11.44416089,3.6,,,,,,,,-0.368362519,0.42226265,4.87338341,-0.617372739,-0.744349735,0.127876605,1.978850994
92.6,27.3,0.182721936,22.12631579,34.67619048,12.54987469,11.44416089,1.7,,,,,,,,-0.038577354,-0.479091444,1.82721936,0.204716814,0.650414992,0.259373931,1.978850994
292.7,27.3,2.561309829,23.88,33.50434783,9.624347826,11.44416089,1.7,,,,,,,,2.01080189,-0.479091444,25.61309829,0.733520363,0.126498855,-0.718625493,1.978850994
216.8,27.8,3.71673371,24.7125,32.55238095,7.839880952,11.44416089,1.2,,,,,,,,1.233451143,-0.71628989,37.1673371,0.98455128,-0.299113585,-1.315170202,1.978850994
191.2,27.7,1.948006489,24.43333333,33.15,8.716666667,11.44416089,1.3,,,,,,,,0.971261694,-0.668850201,19.48006489,0.900371743,-0.031925611,-1.022061999,1.978850994
260.5,26.9,2.311875679,23.70588235,31.57142857,7.865546218,11.44416089,2.1,,,,,,,,1.681016725,-0.289332687,23.11875679,0.681017164,-0.737685078,-1.30659034,1.978850994
254.9,27.2,0.851597567,23.87727273,32.05909091,8.181818182,11.44416089,1.8,,,,,,,,1.623662783,-0.431651755,8.51597567,0.732697986,-0.519657369,-1.200861078,1.978850994
69.7,26.5,0.607947084,22.6826087,32.18,9.497391304,11.44416089,2.5,,,,,,,,-0.273114009,-0.099573931,6.07947084,0.37246062,-0.465600432,-0.761066875,1.978850994
6.7,25,0.850845558,18.76842105,31.67727273,12.90885167,11.44416089,4,,,,,,,,-0.918345855,0.612021406,8.50845558,-0.807818196,-0.690363483,0.379379419,1.978850994
0.6,23.1,0.182244081,16.76190476,29.85789474,13.09598997,11.44416089,5.9,,,,,,,,-0.980820684,1.5133755,1.82244081,-1.412860388,-1.503784541,0.441939483,1.978850994
11,23.1,0.425350915,16.61764706,30.95714286,14.3394958,1.217877747,5.9,,,,,,,,-0.874306221,1.5133755,4.25350915,-1.456359658,-1.012324507,0.857641694,-0.867917013
0,25.2,0.425357893,16.79473684,33.97619048,17.18145363,1.217877747,3.8,,,,,,,,-0.98696575,0.517142028,4.25357893,-1.402960247,0.33745378,1.807704109,-0.867917013
8.3,27.5,0.060751238,20.50416667,35.53181818,15.02765152,1.217877747,1.5,,,,,,,,-0.901959014,-0.573970822,0.60751238,-0.284423824,1.032955395,1.087691161,-0.867917013
75.9,29.4,0.364368855,23.52631579,37.13125,13.60493421,1.217877747,0.4,,,,,,,,-0.209615002,-1.095807403,3.64368855,0.626870908,1.748041281,0.612078811,-0.867917013
216.4,28.6,1.03172243,24.48947368,34.95625,10.46677632,1.217877747,0.4,,,,,,,,1.229354433,-1.095807403,10.3172243,0.917300227,0.775626087,-0.437002859,-0.867917013
55.9,28.2,3.879791922,24.84454545,33.275,8.430454545,1.217877747,0.8,,,,,,,,-0.414450508,-0.906048646,38.79791922,1.024368086,0.02396032,-1.117742299,-0.867917013
106,27.6,5.027073516,24.26086957,32.75714286,8.496273292,1.217877747,1.4,,,,,,,,0.098662436,-0.621410512,50.27073516,0.848367255,-0.207567106,-1.095739187,-0.867917013
185.4,27.7,6.537577755,24.47142857,32.53043478,8.059006211,1.217877747,1.3,,,,,,,,0.911859397,-0.668850201,65.37577755,0.91185893,-0.308925442,-1.241916943,-0.867917013
179.6,27.7,6.17007634,24.065,32.80869565,8.743695652,1.217877747,1.3,,,,,,,,0.8524571,-0.668850201,61.7007634,0.789305012,-0.1845185,-1.013026248,-0.867917013
80.1,27.4,5.743144801,23.00454545,33.46956522,10.46501976,1.217877747,1.6,,,,,,,,-0.166599545,-0.526531133,57.43144801,0.46953699,0.110947987,-0.437590074,-0.867917013
38.8,27,3.625579186,22.565,33.15652174,10.59152174,1.217877747,2,,,,,,,,-0.589584867,-0.336772377,36.25579186,0.336997053,-0.029009822,-0.395300644,-0.867917013
1,24.3,1.087191555,17.992,31.89130435,13.89930435,1.217877747,4.7,,,,,,,,-0.976723974,0.94409923,10.87191555,-1.041939143,-0.594672633,0.710486325,-0.867917013
25,23.2,1.690046651,16.81666667,30.97391304,14.15724638,2.8648322,5.8,,,,,,,,-0.730921366,1.465935811,16.90046651,-1.396347556,-1.00482677,0.796715975,-0.409441809
31.6,26.9,1.267251211,20.824,34.26,13.436,2.8648322,2.1,,,,,,,,-0.663325649,-0.289332687,12.67251211,-0.187981717,0.464341454,0.555604347,-0.409441809
17.1,27.6,1.809848835,19.93333333,35.336,15.40266667,2.8648322,1.4,,,,,,,,-0.811831391,-0.621410512,18.09848835,-0.456552133,0.945407545,1.213058187,-0.409441809
1.2,31.2,6.815123785,24.58636364,38,13.41363636,2.8648322,2.2,,,,,,,,-0.974675619,-0.241892998,68.15123785,0.946516294,2.136448499,0.548128215,-0.409441809
89.9,29.8,18.25802751,24.74285714,36.648,11.90514286,2.8648322,0.8,,,,,,,,-0.066230147,-0.906048646,182.5802751,0.993705131,1.531986273,0.043841007,-0.409441809
39.7,28.9,30.0346753,25.68846154,34.23478261,8.54632107,2.8648322,0.1,,,,,,,,-0.580367269,-1.23812647,300.346753,1.278841395,0.453067075,-1.079008287,-0.409441809
272.9,27.9,38.68309044,24.40434783,32.78333333,8.378985507,2.8648322,1.1,,,,,,,,1.808014739,-0.763729579,386.8309044,0.891631494,-0.195857675,-1.134948325,-0.409441809
299.4,27.3,30.12415843,24.2173913,31.56818182,7.350790514,2.8648322,1.7,,,,,,,,2.079421785,-0.479091444,301.2415843,0.835256877,-0.73913666,-1.478672432,-0.409441809
275.6,27.5,17.12449145,23.65294118,32.16666667,8.51372549,2.8648322,1.5,,,,,,,,1.835667532,-0.573970822,171.2449145,0.665053356,-0.471561597,-1.089904942,-0.409441809
123.4,26.2,5.224490972,22.172,30.93703704,8.765037037,2.8648322,2.8,,,,,,,,0.276869327,0.042745137,52.24490972,0.218492368,-1.021313567,-1.005891853,-0.409441809
85.4,26.4,1.860527646,21.908,32.5,10.592,2.8648322,2.6,,,,,,,,-0.112318136,-0.052134242,18.60527646,0.138886167,-0.32253245,-0.395140762,-0.409441809
26.8,21.1,0.899880496,15.55185185,27.16,11.60814815,2.8648322,7.9,,,,,,,,-0.712486171,2.462169283,8.99880496,-1.777738095,-2.709979408,-0.055443897,-0.409441809
0,21.3,0.23982929,14.32916667,29.06538462,14.73621795,12.81596773,7.7,,,,,,,,-0.98696575,2.367289905,2.3982929,-2.14642492,-1.858105866,0.990265338,2.360731269
0,24.3,0.179815689,16.53478261,33.145,16.61021739,12.81596773,4.7,,,,,,,,-0.98696575,0.94409923,1.79815689,-1.481346492,-0.034161048,1.616740655,2.360731269
5.9,27.7,0,19.5,36.564,17.064,12.81596773,1.3,,,,,,,,-0.926539275,-0.668850201,0,-0.587218875,1.494430928,1.768439529,2.360731269
34.9,29.6,0,23.77272727,37.2375,13.46477273,12.81596773,0.6,,,,,,,,-0.62952779,-1.000928025,0,0.70117349,1.795544322,0.565223029,2.360731269
236.1,29.1,0.299474721,24.50952381,35.92857143,11.41904762,12.81596773,0.1,,,,,,,,1.431117407,-1.23812647,2.99474721,0.923346116,1.210338792,-0.118659933,2.360731269
58.2,28.8,1.61647705,25.06153846,33.784,8.722461538,12.81596773,0.2,,,,,,,,-0.390894425,-1.190686781,16.1647705,1.089799863,0.25152783,-1.020124781,2.360731269
175.2,28,1.73526654,24.78181818,32.412,7.630181818,12.81596773,1,,,,,,,,0.807393289,-0.811169268,17.3526654,1.00545339,-0.361876145,-1.385272321,2.360731269
231.3,27.5,1.852608832,24.292,32.70952381,8.41752381,12.81596773,1.5,,,,,,,,1.381956885,-0.573970822,18.52608832,0.857754283,-0.228856985,-1.122065025,2.360731269
177.5,27.6,2.447353545,24.09,32.868,8.778,12.81596773,1.4,,,,,,,,0.830949372,-0.621410512,24.47353545,0.796843478,-0.15800427,-1.001558353,2.360731269
129.3,27.3,0.954378899,22.81481481,32.51818182,9.703367003,12.81596773,1.7,,,,,,,,0.337295801,-0.479091444,9.54378899,0.412325871,-0.314403587,-0.692209495,2.360731269
16,25.8,0.476923178,20.808,31.81428571,11.00628571,12.81596773,3.2,,,,,,,,-0.823097344,0.232503893,4.76923178,-0.192806336,-0.6291067,-0.256645645,2.360731269
0,23.5,0.178754013,17.23636364,29.41818182,12.18181818,12.81596773,5.5,,,,,,,,-0.98696575,1.323616744,1.78754013,-1.269792703,-1.700374667,0.136333169,2.360731269
78.9,22.3,0.119118665,16.27826087,28.85925926,12.58099839,0.831740146,6.7,,,,,,,,-0.178889676,1.892893013,1.19118665,-1.558697708,-1.950261926,0.269778539,-0.975409066
0,24.4,0.119058745,16.51666667,32.7,16.18333333,0.831740146,4.6,,,,,,,,-0.98696575,0.896659541,1.19058745,-1.486809147,-0.233114961,1.474033928,-0.975409066
27.5,27.9,0,20.07272727,36.01428571,15.94155844,0.831740146,1.1,,,,,,,,-0.705316928,-0.763729579,0,-0.414519474,1.24866057,1.39320893,-0.975409066
53.8,29.7,0.297431383,22.89230769,36.43181818,13.53951049,0.831740146,0.7,,,,,,,,-0.435958237,-0.953488336,2.97431383,0.435692969,1.435334095,0.590207755,-0.975409066
76.5,30.4,1.962613988,25.10454545,36.41666667,11.31212121,0.831740146,1.4,,,,,,,,-0.203469937,-0.621410512,19.62613988,1.102768132,1.428560045,-0.154405278,-0.975409066
15.2,29.9,3.507386914,25.28461538,35.15,9.865384615,0.831740146,0.9,,,,,,,,-0.831290765,-0.858608957,35.07386914,1.157066173,0.86224928,-0.638047241,-0.975409066
120.2,28.2,4.931611033,24.64,32.4952381,7.855238095,0.831740146,0.8,,,,,,,,0.244095645,-0.906048646,49.31611033,0.962689729,-0.324661436,-1.310036331,-0.975409066
143,28.2,6.588150943,24.38,32.77391304,8.393913043,0.831740146,0.8,,,,,,,,0.477608123,-0.906048646,65.88150943,0.884289683,-0.200069369,-1.129958071,-0.975409066
139.4,28.2,8.240963398,24.47619048,33.25833333,8.782142857,0.831740146,0.8,,,,,,,,0.440737732,-0.906048646,82.40963398,0.913294829,0.016508861,-1.000173402,-0.975409066
93.2,27.3,4.749988415,22.61666667,32.34782609,9.73115942,0.831740146,1.7,,,,,,,,-0.032432289,-0.479091444,47.49988415,0.352576551,-0.390567495,-0.68291853,-0.975409066
79.2,26.8,6.600358156,21.52608696,33.3826087,11.85652174,0.831740146,2.2,,,,,,,,-0.175817143,-0.241892998,66.00358156,0.023724629,0.072070819,0.027587037,-0.975409066
4.9,24.5,2.719526548,18.05714286,31.57037037,13.51322751,0.831740146,4.5,,,,,,,,-0.93678105,0.849219852,27.19526548,-1.022296054,-0.738158186,0.581421393,-0.975409066
34.2,21.6,0.404877501,13.96470588,29.8,15.83529412,3.319684016,7.4,,,,,,,,-0.636697033,2.224970837,4.04877501,-2.256323931,-1.529668552,1.357684921,-0.282821259
45.3,24.2,0.231289543,17.06521739,32.26521739,15.2,3.319684016,4.8,,,,,,,,-0.523013327,0.99153892,2.31289543,-1.32139991,-0.427500807,1.14530701,-0.282821259
0,29.4,0.057796686,21.49166667,36.5,15.00833333,3.319684016,0.4,,,,,,,,-0.98696575,-1.095807403,0.57796686,0.013345582,1.465817331,1.081233118,-0.282821259
17.7,32.4,0.231157219,25.31904762,39.03809524,13.71904762,3.319684016,3.4,,,,,,,,-0.805686326,0.327383271,2.31157219,1.167448824,2.600567848,0.65022676,-0.282821259
85.7,31.1,0.693353055,25.3625,37.36666667,12.00416667,3.319684016,2.1,,,,,,,,-0.109245604,-0.289332687,6.93353055,1.180551396,1.853293118,0.076944524,-0.282821259
236.1,28.1,0.924475548,24.332,33.08947368,8.757473684,3.319684016,0.9,,,,,,,,1.431117407,-0.858608957,9.24475548,0.869815828,-0.058986168,-1.008420271,-0.282821259
162.1,27.6,9.763091931,24.51153846,32.225,7.713461538,3.319684016,1.4,,,,,,,,0.673226032,-0.621410512,97.63091931,0.923953611,-0.445481497,-1.35743203,-0.282821259
132.1,27.7,16.27506475,24.432,31.99130435,7.559304348,3.319684016,1.3,,,,,,,,0.365972772,-0.668850201,162.7506475,0.899969692,-0.549963889,-1.408966557,-0.282821259
213.1,27.6,9.403294614,24.38181818,31.78076923,7.398951049,3.319684016,1.4,,,,,,,,1.195556574,-0.621410512,94.03294614,0.884837934,-0.644091497,-1.462572434,-0.282821259
141.7,27.6,4.900999804,23.40869565,32.67692308,9.268227425,3.319684016,1.4,,,,,,,,0.464293815,-0.621410512,49.00999804,0.591403891,-0.243432362,-0.83767603,-0.282821259
105.3,26.3,1.844359143,21.6037037,32.324,10.7202963,3.319684016,2.7,,,,,,,,0.091493193,-0.004694553,18.44359143,0.047129075,-0.40121984,-0.352251494,-0.282821259
6,24,0.633727435,18.75,30.37083333,11.62083333,3.319684016,5,,,,,,,,-0.925515098,1.086418298,6.33727435,-0.813372855,-1.274456137,-0.05120326,-0.282821259
27.5,23.7,0.748561179,18.55769231,29.46818182,10.91048951,3.780290603,5.3,,,,,,,,-0.705316928,1.228737365,7.48561179,-0.871361054,-1.678020295,-0.288670177,-0.15459871
0,25,0.287826107,16.74,33.41851852,16.67851852,3.780290603,4,,,,,,,,-0.98696575,0.612021406,2.87826107,-1.419465519,0.088125649,1.639573625,-0.15459871
0,29.1,0.517804119,20.808,36.80454545,15.99654545,3.780290603,0.1,,,,,,,,-0.98696575,-1.23812647,5.17804119,-0.192806336,1.601975778,1.411591009,-0.15459871
53.1,29.5,0.575105963,23.444,36.25,12.806,3.780290603,0.5,,,,,,,,-0.443127479,-1.048367714,5.75105963,0.602049517,1.35404547,0.344996253,-0.15459871
411.4,28.9,2.874326402,23.98571429,34.78333333,10.79761905,3.780290603,0.1,,,,,,,,3.226500623,-1.23812647,28.74326402,0.765397307,0.698317215,-0.32640261,-0.15459871
234.5,28.2,7.987257164,24.81363636,33.15416667,8.340530303,3.780290603,0.8,,,,,,,,1.414730566,-0.906048646,79.87257164,1.015047801,-0.030062745,-1.147803844,-0.15459871
126.8,27.6,9.936349925,24.488,32.34615385,7.858153846,3.780290603,1.4,,,,,,,,0.311691363,-0.621410512,99.36349925,0.916855856,-0.391315132,-1.3090616,-0.15459871
210.3,27.8,6.654482081,24.31666667,32.552,8.235333333,3.780290603,1.2,,,,,,,,1.166879603,-0.71628989,66.54482081,0.865192237,-0.299283903,-1.18297104,-0.15459871
124.1,27.9,3.382306068,24.29545455,33.72173913,9.426284585,3.780290603,1.1,,,,,,,,0.284038569,-0.763729579,33.82306068,0.858795963,0.223691776,-0.784837749,-0.15459871
192.8,27,2.578574908,23.60357143,32.53703704,8.933465608,3.780290603,2,,,,,,,,0.987648535,-0.336772377,25.78574908,0.650166469,-0.305973654,-0.949586424,-0.15459871
18.8,26.2,2.634622026,21.58076923,32.19615385,10.61538462,3.780290603,2.8,,,,,,,,-0.794420373,0.042745137,26.34622026,0.040213446,-0.458378249,-0.387323318,-0.15459871
20.4,23.2,0.973185867,17.532,30.37916667,12.84716667,3.780290603,5.8,,,,,,,,-0.778033533,1.465935811,9.73185867,-1.180646917,-1.270730405,0.358758212,-0.15459871
0.3,23.4,0.343287724,17.61851852,30.16521739,12.54669887,3.262533484,5.6,,,,,,,,-0.983893217,1.371056433,3.43287724,-1.15455824,-1.366384442,0.258312258,-0.298730686
0,25.3,0.171558171,17.93333333,33.34782609,15.41449275,3.262533484,3.7,,,,,,,,-0.98696575,0.469702339,1.71558171,-1.059629411,0.056519951,1.217011628,-0.298730686
10.6,27.9,0.171471194,20.62413793,35.46071429,14.83657635,3.262533484,1.1,,,,,,,,-0.878402931,-0.763729579,1.71471194,-0.248247854,1.001165738,1.023815007,-0.298730686
36.3,28.8,0.399903566,22.73636364,35.48333333,12.7469697,3.262533484,0.2,,,,,,,,-0.615189305,-1.190686781,3.99903566,0.388669812,1.011278427,0.325262509,-0.298730686
196.7,28.5,1.884347864,23.604,34.744,11.14,3.262533484,0.5,,,,,,,,1.027591458,-1.048367714,18.84347864,0.650295699,0.680731777,-0.211945151,-0.298730686
144.8,28,4.565433505,24.576,33.05,8.474,3.262533484,1,,,,,,,,0.496043319,-0.811169268,45.65433505,0.943391256,-0.076634355,-1.103185116,-0.298730686
159.4,27.5,5.074576316,24.42173913,31.968,7.54626087,3.262533484,1.5,,,,,,,,0.645573239,-0.573970822,50.74576316,0.896875643,-0.560382971,-1.413326973,-0.298730686
120.3,27.5,3.471226379,24.23571429,31.74285714,7.507142857,3.262533484,1.5,,,,,,,,0.245119823,-0.573970822,34.71226379,0.840781966,-0.661041517,-1.426404069,-0.298730686
64.2,28.1,4.490800113,23.82272727,33.27407407,9.451346801,3.262533484,0.9,,,,,,,,-0.329443773,-0.858608957,44.90800113,0.716250422,0.023546348,-0.776459486,-0.298730686
214.6,27.5,1.873026936,23.3,33.42692308,10.12692308,3.262533484,1.5,,,,,,,,1.210919237,-0.573970822,18.73026936,0.558627953,0.091883222,-0.550615308,-0.298730686
8.5,25.9,1.077671164,20.275,32.47037037,12.19537037,3.262533484,3.1,,,,,,,,-0.899910659,0.185064204,10.77671164,-0.35352643,-0.335779486,0.140863646,-0.298730686
24.7,24.4,0.737069254,19.212,31.392,12.18,3.262533484,4.6,,,,,,,,-0.733993899,0.896659541,7.37069254,-0.674062003,-0.817905339,0.135725354,-0.298730686
38.8,23.7,0.113319263,17.796,31.412,13.616,2.021697682,5.3,,,,,,,,-0.589584867,1.228737365,1.13319263,-1.101040716,-0.80896359,0.615778088,-0.644151561
0,25.3,0.226544438,17.26,34.91428571,17.65428571,2.021697682,3.7,,,,,,,,-0.98696575,0.469702339,2.26544438,-1.262665427,0.75686438,1.965771193,-0.644151561
0,28.5,0.509457801,20.55925926,36.7,16.14074074,2.021697682,0.5,,,,,,,,-0.98696575,-1.048367714,5.09457801,-0.26781128,1.55523482,1.459795287,-0.644151561
22.3,31.2,1.131772242,23.49285714,39.236,15.74314286,2.021697682,2.2,,,,,,,,-0.75857416,-0.241892998,11.31772242,0.616781832,2.689048581,1.326878887,-0.644151561
77.3,31.1,1.470437698,25.70357143,37.22,11.51642857,2.021697682,2.1,,,,,,,,-0.195276516,-0.289332687,14.70437698,1.283397611,1.787720292,-0.086105621,-0.644151561
43.5,29.7,4.465686288,25.37857143,34.76923077,9.390659341,2.021697682,0.7,,,,,,,,-0.541448523,-0.953488336,44.65686288,1.185397553,0.692012138,-0.796747217,-0.644151561
97.3,29,10.84708993,25.06086957,33.72142857,8.660559006,2.021697682,0,,,,,,,,0.00955899,-1.28556616,108.4708993,1.089598166,0.223552929,-1.040818709,-0.644151561
238.3,27.4,10.88860617,24.475,32.348,7.873,2.021697682,1.6,,,,,,,,1.453649312,-0.526531133,108.8860617,0.912935854,-0.390489742,-1.304098552,-0.644151561
214.3,27.8,8.33985119,23.50714286,33.74545455,10.23831169,2.021697682,1.2,,,,,,,,1.207846704,-0.71628989,83.3985119,0.621089529,0.234294643,-0.513378256,-0.644151561
175.5,27.8,7.148220318,23.02142857,34.22222222,11.20079365,2.021697682,1.2,,,,,,,,0.810465821,-0.71628989,71.48220318,0.474627903,0.447451483,-0.191621921,-0.644151561
56,26.2,3.65568611,20.41538462,33.04090909,12.62552448,2.021697682,2.8,,,,,,,,-0.413426331,0.042745137,36.5568611,-0.311195043,-0.080698787,0.284663547,-0.644151561
9.1,22.3,1.629896575,15.10769231,30.588,15.48030769,2.021697682,6.7,,,,,,,,-0.893765594,1.892893013,16.29896575,-1.911669358,-1.177363645,1.239013468,-0.644151561
